name,datetime,temp,feelslike,dew,humidity,precip,precipprob,preciptype,snow,snowdepth,windgust,windspeed,winddir,cloudcover,visibility,solarradiation,solarenergy,uvindex,severerisk,conditions,icon,stations
Ramallah,2025-11-01T00:00:00,21.5,21.5,6.1,36.74,0,0,,0,0,10.8,7.3,44,0,9.2,0,0,0,,Clear,clear-night,"C0641,OJAM,LLBG,OJAI"
Ramallah,2025-11-01T01:00:00,20.7,20.7,5.1,36.19,0,0,,0,0,9.7,8.4,29,0,9.2,0,0,0,,Clear,clear-night,"C0641,OJAM,LLBG,OJAI"
Ramallah,2025-11-01T02:00:00,19.9,19.9,5.8,39.69,0,0,,0,0,9,7.7,21,0,9.1,0,0,0,,Clear,clear-night,"C0641,OJAM,LLBG,OJAI"
Ramallah,2025-11-01T03:00:00,18.9,18.9,5.9,42.57,0,0,,0,0,9.4,6.1,323,0,9.2,0,0,0,,Clear,clear-night,"C0641,OJAM,LLBG,OJAI"
Ramallah,2025-11-01T04:00:00,18.8,18.8,6,43.23,0,0,,0,0,10.4,5.8,112,0,9.2,0,0,0,,Clear,clear-night,"C0641,OJAM,LLBG,OJAI"
Ramallah,2025-11-01T05:00:00,17.9,17.9,5.9,45.34,0,0,,0,0,10.8,2.9,142,0,9.1,0,0,0,,Clear,clear-night,"C0641,OJAM,LLBG,OJAI"
Ramallah,2025-11-01T06:00:00,16.4,16.4,5.9,49.96,0,0,,0,0,11.2,5.4,29,0,8.8,12,0,0,,Clear,clear-day,"C0641,OJAM,LLBG,OJAI"
Ramallah,2025-11-01T07:00:00,18.4,18.4,5.1,41.74,0,0,,0,0,10.8,5.4,127,0,8.7,158,0.6,2,,Clear,clear-day,"C0641,OJAM,LLBG,OJAI"
Ramallah,2025-11-01T08:00:00,21.4,21.4,5,34.4,0,0,,0,0,13.3,2.7,157,0,8.7,312,1.1,3,,Clear,clear-day,"C0641,OJAM,LLBG,OJAI"
Ramallah,2025-11-01T09:00:00,25.8,25.8,5.5,27.34,0,0,,0,0,17.3,3.1,24,0,8.7,523,1.9,5,,Clear,clear-day,"C0641,OJAM,LLBG,OJAI"
Ramallah,2025-11-01T10:00:00,29.3,27.7,2.8,18.29,0,0,,0,0,21.6,6.7,99,0,8.8,646,2.3,6,,Clear,clear-day,"C0641,OJAM,LLBG,OJAI"
Ramallah,2025-11-01T11:00:00,31.3,29.2,1.9,15.32,0,0,,0,0,24.1,12.5,8,0,9,698,2.5,7,,Clear,clear-day,"C0641,OJAM,LLBG,OJAI"
Ramallah,2025-11-01T12:00:00,31.8,29.7,5.2,18.83,0,0,,0,0,25.9,14.3,17,0,9.1,685,2.5,7,,Clear,clear-day,"C0641,OJAM,LLBG,OJAI"
Ramallah,2025-11-01T13:00:00,31.9,29.9,6.5,20.46,0,0,,0,0,26.3,20.5,346,0,9.2,607,2.2,6,,Clear,clear-day,"C0641,OJAM,LLBG,OJAI"
Ramallah,2025-11-01T14:00:00,32,30.1,7.3,21.44,0,0,,0,0,25.6,21.9,5,0,9.1,474,1.7,5,,Clear,clear-day,"C0641,OJAM,LLBG,OJAI"
Ramallah,2025-11-01T15:00:00,30.4,28.9,9,26.54,0,0,,0,0,23,20.8,5,0,9.1,293,1.1,3,,Clear,clear-day,"C0641,OJAM,LLBG,OJAI"
Ramallah,2025-11-01T16:00:00,29.4,28,7.7,25.73,0,0,,0,0,18.4,19.7,13,0,9,79,0.3,1,,Clear,clear-day,"C0641,OJAM,LLBG,OJAI"
Ramallah,2025-11-01T17:00:00,28.2,27.1,7,26.09,0,0,,0,0,11.2,19,23,0,8.7,0,0,0,,Clear,clear-night,"C0641,OJAM,LLBG,OJAI"
Ramallah,2025-11-01T18:00:00,26.8,26.1,5.2,25.24,0,0,,0,0,15.1,18.4,5,0,8.8,0,0,0,,Clear,clear-night,"C0641,OJAM,LLBG,OJAI"
Ramallah,2025-11-01T19:00:00,25.7,25.7,3.7,24.21,0,0,,0,0,16.2,11.2,28,0,8.8,0,0,0,,Clear,clear-night,"C0641,OJAM,LLBG,OJAI"
Ramallah,2025-11-01T20:00:00,24.7,24.7,4.5,27.07,0,0,,0,0,17.3,7.5,20,0,9.1,0,0,0,,Clear,clear-night,"C0641,OJAM,LLBG,OJAI"
Ramallah,2025-11-01T21:00:00,22.8,22.8,5.5,32.5,0,0,,0,0,19.1,7.5,28,0,9.1,0,0,0,,Clear,clear-night,"C0641,OJAM,LLBG,OJAI"
Ramallah,2025-11-01T22:00:00,21.3,21.3,5.6,35.97,0,0,,0,0,15.5,7.5,5,0,9,0,0,0,,Clear,clear-night,"C0641,OJAM,LLBG,OJAI"
Ramallah,2025-11-01T23:00:00,20.9,20.9,5.3,36.16,0,0,,0,0,10.1,5.2,19,0,9.1,0,0,0,,Clear,clear-night,"C0641,OJAM,LLBG,OJAI"
Ramallah,2025-11-02T00:00:00,20,20,5.2,37.87,0,0,,0,0,9,3.4,323,11,9,0,0,0,,Clear,clear-night,"C0641,OJAM,LLBG,OJAI"
Ramallah,2025-11-02T01:00:00,19.1,19.1,5.3,40.35,0,0,,0,0,10.1,5.4,117,35,9,0,0,0,,Partially cloudy,partly-cloudy-night,"C0641,OJAM,LLBG,OJAI"
Ramallah,2025-11-02T02:00:00,19,19,6.8,44.86,0,0,,0,0,9.7,3.4,19,17.2,9.1,0,0,0,,Clear,clear-night,"C0641,OJAM,LLBG,OJAI"
Ramallah,2025-11-02T03:00:00,18.3,18.3,5.9,44.27,0,0,,0,0,9,4.8,19,8.2,9.1,0,0,0,,Clear,clear-night,"C0641,OJAM,LLBG,OJAI"
Ramallah,2025-11-02T04:00:00,17.5,17.5,3.8,40.11,0,0,,0,0,8.6,2,19,3.4,9.1,0,0,0,,Clear,clear-night,"C0641,OJAM,LLBG,OJAI"
Ramallah,2025-11-02T05:00:00,15.8,15.8,4.1,45.54,0,0,,0,0,9.7,5,19,4.5,9.1,0,0,0,,Clear,clear-night,"C0641,OJAM,LLBG,OJAI"
Ramallah,2025-11-02T06:00:00,17.9,17.9,3.4,38.15,0,0,,0,0,10.4,9.4,112,13.3,8.7,22,0.1,0,,Clear,clear-day,"C0641,OJAM,LLBG,OJAI"
Ramallah,2025-11-02T07:00:00,19.1,19.1,5.2,40.02,0,0,,0,0,10.4,5,19,54.4,8.6,146,0.5,1,,Partially cloudy,partly-cloudy-day,"C0641,OJAM,LLBG,OJAI"
Ramallah,2025-11-02T08:00:00,21.5,21.5,5.7,35.86,0,0,,0,0,11.2,7.6,123,89.2,8.7,314,1.1,3,,Partially cloudy,partly-cloudy-day,"C0641,OJAM,LLBG,OJAI"
Ramallah,2025-11-02T09:00:00,24.2,24.2,7.9,35.2,0,0,,0,0,14,7.5,164,100,8.6,463,1.7,5,,Overcast,cloudy,"C0641,OJAM,LLBG,OJAI"
Ramallah,2025-11-02T10:00:00,27.2,26.5,7.1,27.97,0,0,,0,0,17.3,6.5,94,99.5,8.6,456,1.6,5,,Overcast,cloudy,"C0641,OJAM,LLBG,OJAI"
Ramallah,2025-11-02T11:00:00,28.5,27.3,7.6,26.86,0,0,,0,0,17.6,6.5,98,98.1,8.7,692,2.5,7,,Overcast,cloudy,"C0641,OJAM,LLBG,OJAI"
Ramallah,2025-11-02T12:00:00,29.6,28.4,10,29.66,0,0,,0,0,18,9.6,310,93.1,8.6,657,2.4,7,,Overcast,cloudy,"C0641,OJAM,LLBG,OJAI"
Ramallah,2025-11-02T13:00:00,31.4,29.6,8.5,24.18,0,0,,0,0,16.9,7,119,50,8.7,422,1.5,4,,Partially cloudy,partly-cloudy-day,"C0641,OJAM,LLBG,OJAI"
Ramallah,2025-11-02T14:00:00,30.4,28.5,0.4,14.46,0,0,,0,0,15.1,7.3,114,50,5,435,1.6,4,,Partially cloudy,partly-cloudy-day,"C0641,OJAM,OJAI"
Ramallah,2025-11-02T15:00:00,31.5,29.8,9.4,25.49,0,0,,0,0,13.7,15.1,322,25,8.8,314,1.1,3,,Partially cloudy,partly-cloudy-day,"C0641,OJAM,LLBG,OJAI"
Ramallah,2025-11-02T16:00:00,29.6,28.3,9.4,28.4,0,0,,0,0,11.5,13.7,314,25,8.8,70,0.3,1,,Partially cloudy,partly-cloudy-day,"C0641,OJAM,LLBG,OJAI"
Ramallah,2025-11-02T17:00:00,27,26.8,11.8,38.92,0,0,,0,0,7.2,12.1,13,50,8.8,0,0,0,,Partially cloudy,partly-cloudy-night,"C0641,OJAM,LLBG,OJAI"
Ramallah,2025-11-02T18:00:00,26.2,26.2,11.9,40.91,0,0,,0,0,11.5,6.2,85,1.1,9,0,0,0,,Clear,clear-night,"C0641,OJAM,LLBG,OJAI"
Ramallah,2025-11-02T19:00:00,23.8,23.8,12.6,49.27,0,0,,0,0,11.5,6.1,85,0.7,9,0,0,0,,Clear,clear-night,"C0641,OJAM,LLBG,OJAI"
Ramallah,2025-11-02T20:00:00,23.6,23.6,12.4,49.58,0,0,,0,0,11.2,10.3,144,1.4,9.2,0,0,0,,Clear,clear-night,"C0641,OJAM,LLBG,OJAI"
Ramallah,2025-11-02T21:00:00,23.6,23.6,11.6,46.75,0,0,,0,0,13,8,142,1,9.2,0,0,0,,Clear,clear-night,"C0641,OJAM,LLBG,OJAI"
Ramallah,2025-11-02T22:00:00,22.2,22.2,10.1,46.38,0,0,,0,0,11.9,7.4,120,0.5,9.2,0,0,0,,Clear,clear-night,"C0641,OJAM,LLBG,OJAI"
Ramallah,2025-11-02T23:00:00,21.2,21.2,10.1,49.28,0,0,,0,0,10.8,6.1,188,0.4,9.2,0,0,0,,Clear,clear-night,"C0641,OJAM,LLBG,OJAI"
Ramallah,2025-11-03T00:00:00,20.3,20.3,9.4,49.44,0,0,,0,0,10.4,5,302,0,9.2,0,0,0,,Clear,clear-night,"C0641,OJAM,LLBG,OJAI"
Ramallah,2025-11-03T01:00:00,20.8,20.8,9.5,48.25,0,0,,0,0,12.2,6.7,109,0,9.2,0,0,0,,Clear,clear-night,"C0641,OJAM,LLBG,OJAI"
Ramallah,2025-11-03T02:00:00,19.6,19.6,8.6,49.08,0,0,,0,0,11.5,3.6,19,0,9.2,0,0,0,,Clear,clear-night,"C0641,OJAM,LLBG,OJAI"
Ramallah,2025-11-03T03:00:00,19.7,19.7,8.7,49.11,0,0,,0,0,10.4,6.7,102,88,9.2,0,0,0,,Partially cloudy,partly-cloudy-night,"C0641,OJAM,LLBG,OJAI"
Ramallah,2025-11-03T04:00:00,19.9,19.9,8.6,48.17,0,0,,0,0,9.4,6.9,117,88,9.2,0,0,0,,Partially cloudy,partly-cloudy-night,"C0641,OJAM,LLBG,OJAI"
Ramallah,2025-11-03T05:00:00,20,20,10.8,55.36,0,0,,0,0,9,8.2,110,50,9.2,0,0,0,,Partially cloudy,partly-cloudy-night,"C0641,OJAM,LLBG,OJAI"
Ramallah,2025-11-03T06:00:00,19.8,19.8,12.7,63.67,0,0,,0,0,11.5,8.2,87,50,8.1,12,0,0,,Partially cloudy,partly-cloudy-day,"C0641,OJAM,LLBG,OJAI"
Ramallah,2025-11-03T07:00:00,19.1,19.1,11.6,61.52,0,0,,0,0,13,4.7,55,9.8,7.8,143,0.5,1,,Clear,clear-day,"C0641,OJAM,LLBG,OJAI"
Ramallah,2025-11-03T08:00:00,22.1,22.1,11.7,51.56,0,0,,0,0,15.1,5.7,60,9.3,8.6,303,1.1,3,,Clear,clear-day,"C0641,OJAM,LLBG,OJAI"
Ramallah,2025-11-03T09:00:00,23.4,23.4,12.7,51.32,0,0,,0,0,13.3,5,55,6.8,8.6,526,1.9,5,,Clear,clear-day,"C0641,OJAM,LLBG,OJAI"
Ramallah,2025-11-03T10:00:00,26.1,26.1,12.1,41.66,0,0,,0,0,16.6,7.3,60,6.9,8.7,628,2.3,6,,Clear,clear-day,"C0641,OJAM,LLBG,OJAI"
Ramallah,2025-11-03T11:00:00,27.2,27.5,15.1,47.58,0,0,,0,0,16.6,13.6,320,8,8.8,675,2.4,7,,Clear,clear-day,"C0641,OJAM,LLBG,OJAI"
Ramallah,2025-11-03T12:00:00,27.8,27.7,14.1,43.1,0,0,,0,0,15.8,14.5,309,66,8.8,635,2.3,6,,Partially cloudy,partly-cloudy-day,"C0641,OJAM,LLBG,OJAI"
Ramallah,2025-11-03T13:00:00,28.1,28.1,15,45.02,0,0,,0,0,15.1,17.1,313,71.4,8.8,395,1.4,4,,Partially cloudy,partly-cloudy-day,"C0641,OJAM,LLBG,OJAI"
Ramallah,2025-11-03T14:00:00,27.7,28,15.9,48.82,0,0,,0,0,18.4,14.6,218,25,9,422,1.5,4,,Partially cloudy,partly-cloudy-day,"C0641,OJAM,LLBG,OJAI"
Ramallah,2025-11-03T15:00:00,28.4,28.4,15.3,44.79,0,0,,0,0,25.2,10.2,343,25,9,143,0.5,1,,Partially cloudy,partly-cloudy-day,"C0641,OJAM,LLBG,OJAI"
Ramallah,2025-11-03T16:00:00,27.4,26.8,9.1,31.74,0,0,,0,0,28.4,15.7,351,25,8.8,48,0.2,0,,Partially cloudy,partly-cloudy-day,"C0641,OJAM,LLBG,OJAI"
Ramallah,2025-11-03T17:00:00,26.1,26.1,13.2,44.97,0,0,,0,0,26.3,13.6,348,70,8.8,0,0,0,,Partially cloudy,partly-cloudy-night,"C0641,OJAM,LLBG,OJAI"
Ramallah,2025-11-03T18:00:00,25.5,25.5,13.7,48.02,0,0,,0,0,20.2,9.7,13,68.2,9,0,0,0,,Partially cloudy,partly-cloudy-night,"C0641,OJAM,LLBG,OJAI"
Ramallah,2025-11-03T19:00:00,24.5,24.5,13.9,51.81,0,0,,0,0,17.6,7.5,58,57.7,9.1,0,0,0,,Partially cloudy,partly-cloudy-night,"C0641,OJAM,LLBG,OJAI"
Ramallah,2025-11-03T20:00:00,24,24,16.5,62.65,0,0,,0,0,16.9,14.6,284,56.7,9,0,0,0,,Partially cloudy,partly-cloudy-night,"C0641,OJAM,LLBG,OJAI"
Ramallah,2025-11-03T21:00:00,23.8,23.8,16.7,64.49,0,0,,0,0,13.3,13.7,307,57.4,8.8,0,0,0,,Partially cloudy,partly-cloudy-night,"C0641,OJAM,LLBG,OJAI"
Ramallah,2025-11-03T22:00:00,23.7,23.7,17.1,66.71,0,0,,0,0,17.6,6.2,82,63,8.8,0,0,0,,Partially cloudy,partly-cloudy-night,"C0641,OJAM,LLBG,OJAI"
Ramallah,2025-11-03T23:00:00,22.6,22.6,16.3,67.99,0,0,,0,0,19.1,4.1,0,34.1,8.8,0,0,0,,Partially cloudy,partly-cloudy-night,"C0641,OJAM,LLBG,OJAI"
Ramallah,2025-11-04T00:00:00,21.7,21.7,16.5,72.23,0,0,,0,0,23.4,10.6,61,48.4,8.8,0,0,0,,Partially cloudy,partly-cloudy-night,"C0641,OJAM,LLBG,OJAI"
Ramallah,2025-11-04T01:00:00,23.2,23.2,12.4,50.58,0,0,,0,0,23.4,3.2,314,43.3,9,0,0,0,,Partially cloudy,partly-cloudy-night,"C0641,OJAM,LLBG,OJAI"
Ramallah,2025-11-04T02:00:00,22.7,22.7,9.8,44.13,0,0,,0,0,19.1,10.4,66,44.3,9,0,0,0,,Partially cloudy,partly-cloudy-night,"C0641,OJAM,LLBG,OJAI"
Ramallah,2025-11-04T03:00:00,24.2,24.2,5.1,29.15,0,0,,0,0,13.7,4.8,36,89.8,9.1,0,0,0,,Partially cloudy,partly-cloudy-night,"C0641,OJAM,LLBG,OJAI"
Ramallah,2025-11-04T04:00:00,22.5,22.5,8.3,40.37,0,0,,0,0,9.4,3.4,36,65.6,9,0,0,0,,Partially cloudy,partly-cloudy-night,"C0641,OJAM,LLBG,OJAI"
Ramallah,2025-11-04T05:00:00,20.7,20.7,9.4,48.54,0,0,,0,0,8.3,8.7,334,45.1,9,0,0,0,,Partially cloudy,partly-cloudy-night,"C0641,OJAM,LLBG,OJAI"
Ramallah,2025-11-04T06:00:00,22.4,22.4,7.3,37.6,0,0,,0,0,7.9,3.3,289,54.6,8.6,11,0,0,,Partially cloudy,partly-cloudy-day,"C0641,OJAM,LLBG,OJAI"
Ramallah,2025-11-04T07:00:00,24,24,7,33.72,0,0,,0,0,7.9,5.8,258,24.9,8.6,113,0.4,1,,Partially cloudy,partly-cloudy-day,"C0641,OJAM,LLBG,OJAI"
Ramallah,2025-11-04T08:00:00,24.6,24.6,8,34.85,0,0,,0,0,12.6,9.2,232,24.7,8.6,304,1.1,3,,Partially cloudy,partly-cloudy-day,"C0641,OJAM,LLBG,OJAI"
Ramallah,2025-11-04T09:00:00,26,26,7.1,30.06,0,0,,0,0,15.8,8.2,238,26.4,8.5,497,1.8,5,,Partially cloudy,partly-cloudy-day,"C0641,OJAM,LLBG,OJAI"
Ramallah,2025-11-04T10:00:00,28.3,27.1,7.4,26.91,0,0,,0,0,18,4,86,13.7,8.6,598,2.2,6,,Clear,clear-day,"C0641,OJAM,LLBG,OJAI"
Ramallah,2025-11-04T11:00:00,30,28.6,9.1,27.18,0,0,,0,0,20.5,9.5,339,8.2,8.7,297,1.1,3,,Clear,clear-day,"C0641,OJAM,LLBG,OJAI"
Ramallah,2025-11-04T12:00:00,32.7,30.6,6.8,19.99,0,0,,0,0,22.3,10.7,345,52.4,8.7,677,2.4,7,,Partially cloudy,partly-cloudy-day,"C0641,OJAM,LLBG,OJAI"
Ramallah,2025-11-04T13:00:00,32.7,31,9.8,24.61,0,0,,0,0,22.3,14.1,352,36.1,8.8,572,2.1,6,,Partially cloudy,partly-cloudy-day,"C0641,OJAM,LLBG,OJAI"
Ramallah,2025-11-04T14:00:00,32,30.5,10.5,26.65,0.5,100,rain,0,0,22.7,18.9,340,32,8.8,504,1.8,5,,"Rain, Partially cloudy",rain,"C0641,OJAM,LLBG,OJAI"
Ramallah,2025-11-04T15:00:00,31.9,30.1,8.3,23.18,0,0,,0,0,20.9,12.7,3,28.9,8.8,208,0.7,2,,Partially cloudy,partly-cloudy-day,"C0641,OJAM,LLBG,OJAI"
Ramallah,2025-11-04T16:00:00,31.1,29.6,9.7,26.65,0,0,,0,0,16.9,10.9,17,28.1,8.8,77,0.3,1,,Partially cloudy,partly-cloudy-day,"C0641,OJAM,LLBG,OJAI"
Ramallah,2025-11-04T17:00:00,29.1,27.9,9.3,29.08,0,0,,0,0,10.1,9.3,19,22.6,8.8,0,0,0,,Partially cloudy,partly-cloudy-night,"C0641,OJAM,LLBG,OJAI"
Ramallah,2025-11-04T18:00:00,27.8,27,9.7,32.34,0,0,,0,0,10.1,10,42,26.8,8.8,0,0,0,,Partially cloudy,partly-cloudy-night,"C0641,OJAM,LLBG,OJAI"
Ramallah,2025-11-04T19:00:00,27.5,26.8,8.6,30.27,0,0,,0,0,12.6,9.1,46,19.3,8.8,0,0,0,,Clear,clear-night,"C0641,OJAM,LLBG,OJAI"
Ramallah,2025-11-04T20:00:00,25.7,25.7,7.3,31.1,0,0,,0,0,13,4.3,117,34.3,8.8,0,0,0,,Partially cloudy,partly-cloudy-night,"C0641,OJAM,LLBG,OJAI"
Ramallah,2025-11-04T21:00:00,24.8,24.8,7.6,33.29,0,0,,0,0,12.6,4.3,127,49.4,8.8,0,0,0,,Partially cloudy,partly-cloudy-night,"C0641,OJAM,LLBG,OJAI"
Ramallah,2025-11-04T22:00:00,22.5,22.5,8.3,40.31,0,0,,0,0,11.9,4.3,112,90.4,8.8,0,0,0,,Overcast,cloudy,"C0641,OJAM,LLBG,OJAI"
Ramallah,2025-11-04T23:00:00,21.7,21.7,8.2,41.9,0,0,,0,0,11.2,2.2,81,99.7,9,0,0,0,,Overcast,cloudy,"C0641,OJAM,LLBG,OJAI"
Ramallah,2025-11-05T00:00:00,23.1,23.1,7.4,36.49,0,0,,0,0,11.2,3.8,122,100,9,0,0,0,,Overcast,cloudy,"C0641,OJAM,LLBG,OJAI"
Ramallah,2025-11-05T01:00:00,21.5,21.5,8.2,42.52,0,0,,0,0,11.2,2.2,127,92.9,9,0,0,0,,Overcast,cloudy,"C0641,OJAM,LLBG,OJAI"
Ramallah,2025-11-05T02:00:00,20.5,20.5,8.1,44.85,0,0,,0,0,12.6,4.5,34,74.9,9,0,0,0,,Partially cloudy,partly-cloudy-night,"C0641,OJAM,LLBG,OJAI"
Ramallah,2025-11-05T03:00:00,20.6,20.6,7.2,41.91,0,0,,0,0,13,5.6,34,60.9,9,0,0,0,,Partially cloudy,partly-cloudy-night,"C0641,OJAM,LLBG,OJAI"
Ramallah,2025-11-05T04:00:00,21.3,21.3,6.5,38.48,0,0,,0,0,13,8.9,128,52.6,8.8,0,0,0,,Partially cloudy,partly-cloudy-night,"C0641,OJAM,LLBG,OJAI"
Ramallah,2025-11-05T05:00:00,20.4,20.4,5.8,38.56,0,0,,0,0,12.2,6.2,80,61.1,8.8,0,0,0,,Partially cloudy,partly-cloudy-night,"C0641,OJAM,LLBG,OJAI"
Ramallah,2025-11-05T06:00:00,21.8,21.8,6.4,36.97,0,0,,0,0,11.5,6.1,172,74.3,8.7,23,0.1,0,,Partially cloudy,partly-cloudy-day,"C0641,OJAM,LLBG,OJAI"
Ramallah,2025-11-05T07:00:00,20.9,20.9,6.6,39.36,0,0,,0,0,10.8,3.8,34,57.9,8.8,153,0.6,2,,Partially cloudy,partly-cloudy-day,"C0641,OJAM,LLBG,OJAI"
Ramallah,2025-11-05T08:00:00,23.8,23.8,7.6,35.36,0,0,,0,0,12.2,5.4,29,64.8,8.5,329,1.2,3,,Partially cloudy,partly-cloudy-day,"C0641,OJAM,LLBG,OJAI"
Ramallah,2025-11-05T09:00:00,26.8,26.4,8.6,31.8,0,0,,0,0,16.2,2.9,84,51.2,8.5,606,2.2,6,,Partially cloudy,partly-cloudy-day,"C0641,OJAM,LLBG,OJAI"
Ramallah,2025-11-05T10:00:00,29.5,28,7.3,24.79,0,0,,0,0,20.2,7.3,22,44.8,8.6,716,2.6,7,,Partially cloudy,partly-cloudy-day,"C0641,OJAM,LLBG,OJAI"
Ramallah,2025-11-05T11:00:00,31.7,29.7,6,20.01,0,0,,0,0,22.7,6.7,103,56.5,8.7,712,2.6,7,,Partially cloudy,partly-cloudy-day,"C0641,OJAM,LLBG,OJAI"
Ramallah,2025-11-05T12:00:00,33.8,31.4,3.8,15.25,0,0,,0,0,23.8,9.2,286,50.1,8.6,658,2.4,7,,Partially cloudy,partly-cloudy-day,"C0641,OJAM,LLBG,OJAI"
Ramallah,2025-11-05T13:00:00,33.4,31.2,5.7,17.89,0,0,,0,0,24.1,16.7,275,47.1,8.6,580,2.1,6,,Partially cloudy,partly-cloudy-day,"C0641,OJAM,LLBG,OJAI"
Ramallah,2025-11-05T14:00:00,33.2,30.9,4,15.9,0,0,,0,0,24.8,15.9,272,50,8.6,443,1.6,4,,Partially cloudy,partly-cloudy-day,"C0641,OJAM,LLBG,OJAI"
Ramallah,2025-11-05T15:00:00,32.2,30.1,4.3,17.24,0,0,,0,0,22.7,13.1,290,50,8.7,273,1,3,,Partially cloudy,partly-cloudy-day,"C0641,OJAM,LLBG,OJAI"
Ramallah,2025-11-05T16:00:00,31.4,29.4,5,19.02,0,0,,0,0,19.1,12.4,306,50,8.6,68,0.2,1,,Partially cloudy,partly-cloudy-day,"C0641,OJAM,LLBG,OJAI"
Ramallah,2025-11-05T17:00:00,29.2,27.7,5.7,22.62,0,0,,0,0,10.1,7.7,290,58.8,8.7,0,0,0,,Partially cloudy,partly-cloudy-night,"C0641,OJAM,LLBG,OJAI"
Ramallah,2025-11-05T18:00:00,28,27,7.9,28.1,0,0,,0,0,9,6.1,220,58.5,8.7,0,0,0,,Partially cloudy,partly-cloudy-night,"C0641,OJAM,LLBG,OJAI"
Ramallah,2025-11-05T19:00:00,26.1,26.1,7.5,30.72,0,0,,0,0,8.6,6.1,210,48.4,8.7,0,0,0,,Partially cloudy,partly-cloudy-night,"C0641,OJAM,LLBG,OJAI"
Ramallah,2025-11-05T20:00:00,23.4,23.4,8.9,39.84,0,0,,0,0,5.8,4.7,199,21.3,8.6,0,0,0,,Partially cloudy,partly-cloudy-night,"C0641,OJAM,LLBG,OJAI"
Ramallah,2025-11-05T21:00:00,23.3,23.3,7.8,37.02,0,0,,0,0,11.2,6.1,199,24,8.6,0,0,0,,Partially cloudy,partly-cloudy-night,"C0641,OJAM,LLBG,OJAI"
Ramallah,2025-11-05T22:00:00,22.4,22.4,6.1,34.9,0,0,,0,0,11.9,8.9,164,32,8.6,0,0,0,,Partially cloudy,partly-cloudy-night,"C0641,OJAM,LLBG,OJAI"
Ramallah,2025-11-05T23:00:00,21.7,21.7,6.8,38.04,0,0,,0,0,12.6,6.3,91,21.7,8.8,0,0,0,,Partially cloudy,partly-cloudy-night,"C0641,OJAM,LLBG,OJAI"
Ramallah,2025-11-06T00:00:00,21.7,21.7,4.6,32.63,0,0,,0,0,14.4,8,136,5.5,8.8,0,0,0,,Clear,clear-night,"C0641,OJAM,LLBG,OJAI"
Ramallah,2025-11-06T01:00:00,20,20,3.6,33.87,0,0,,0,0,16.2,5.5,136,3.7,9,0,0,0,,Clear,clear-night,"C0641,OJAM,LLBG,OJAI"
Ramallah,2025-11-06T02:00:00,19.9,19.9,3.2,33.13,0,0,,0,0,17.3,7.6,102,0,9,0,0,0,,Clear,clear-night,"C0641,OJAM,LLBG,OJAI"
Ramallah,2025-11-06T03:00:00,20.4,20.4,3.7,33.28,0,0,,0,0,17.3,7.8,107,0,9,0,0,0,,Clear,clear-night,"C0641,OJAM,LLBG,OJAI"
Ramallah,2025-11-06T04:00:00,18.7,18.7,3.7,36.9,0,0,,0,0,16.6,5.8,180,0,9,0,0,0,,Clear,clear-night,"C0641,OJAM,LLBG,OJAI"
Ramallah,2025-11-06T05:00:00,18.3,18.3,3.3,36.87,0,0,,0,0,15.5,5.7,136,0,9,0,0,0,,Clear,clear-night,"C0641,OJAM,LLBG,OJAI"
Ramallah,2025-11-06T06:00:00,19.8,19.8,2.5,31.53,0,0,,0,0,14.8,11.5,137,0,9.1,14,0.1,0,,Clear,clear-day,"C0641,OJAM,LLBG,OJAI"
Ramallah,2025-11-06T07:00:00,20.5,20.5,-0.3,24.87,0,0,,0,0,13.7,9.3,110,25,8.7,123,0.4,1,,Partially cloudy,partly-cloudy-day,"C0641,OJAM,LLBG,OJAI"
Ramallah,2025-11-06T08:00:00,23.4,23.4,2.7,25.9,0,0,,0,0,13.3,10.9,142,25,8.7,273,1,3,,Partially cloudy,partly-cloudy-day,"C0641,OJAM,LLBG,OJAI"
Ramallah,2025-11-06T09:00:00,24.5,24.5,10,40.09,0,0,,0,0,16.9,12.7,163,0,8.7,490,1.8,5,,Clear,clear-day,"C0641,OJAM,LLBG,OJAI"
Ramallah,2025-11-06T10:00:00,26.6,26.6,14,45.91,0,0,,0,0,19.4,11.1,221,25,8.8,602,2.2,6,,Partially cloudy,partly-cloudy-day,"C0641,OJAM,LLBG,OJAI"
Ramallah,2025-11-06T11:00:00,28,27.8,14,42.51,0,0,,0,0,20.9,11.5,204,25,8.8,657,2.4,7,,Partially cloudy,partly-cloudy-day,"C0641,OJAM,LLBG,OJAI"
Ramallah,2025-11-06T12:00:00,28.3,28.3,15.2,44.93,0,0,,0,0,21.2,14,249,50,7.9,641,2.3,6,,Partially cloudy,partly-cloudy-day,"C0641,OJAM,LLBG,OJAI"
Ramallah,2025-11-06T13:00:00,28.5,28.3,14.2,41.55,0,0,,0,0,21.6,15.2,226,50,7.9,555,2,6,,Partially cloudy,partly-cloudy-day,"C0641,OJAM,LLBG,OJAI"
Ramallah,2025-11-06T14:00:00,27.9,28,15.3,46.41,0,0,,0,0,20.5,16.6,295,50,8.1,399,1.4,4,,Partially cloudy,partly-cloudy-day,"C0641,OJAM,LLBG,OJAI"
Ramallah,2025-11-06T15:00:00,27.9,27.9,14.7,44.52,0,0,,0,0,19.1,19,273,25,8.1,236,0.8,2,,Partially cloudy,partly-cloudy-day,"C0641,OJAM,LLBG,OJAI"
Ramallah,2025-11-06T16:00:00,26.9,27.1,14.6,46.85,0,0,,0,0,17.6,17,276,25,8.1,63,0.2,1,,Partially cloudy,partly-cloudy-day,"C0641,OJAM,LLBG,OJAI"
Ramallah,2025-11-06T17:00:00,25.2,25.2,15.6,55.25,0,0,,0,0,14,12.5,282,50,7.3,0,0,0,,Partially cloudy,partly-cloudy-night,"C0641,OJAM,LLBG,OJAI"
Ramallah,2025-11-06T18:00:00,24.6,24.6,14.8,54.49,0,0,,0,0,13.7,11.9,307,88,7.4,0,0,0,,Partially cloudy,partly-cloudy-night,"C0641,OJAM,LLBG,OJAI"
Ramallah,2025-11-06T19:00:00,24.5,24.5,14.8,54.82,0,0,,0,0,15.1,6.7,335,50,9,0,0,0,,Partially cloudy,partly-cloudy-night,"C0641,OJAM,LLBG,OJAI"
Ramallah,2025-11-06T20:00:00,23.8,23.8,15.7,60.52,0,0,,0,0,14.4,9.3,344,50,9,0,0,0,,Partially cloudy,partly-cloudy-night,"C0641,OJAM,LLBG,OJAI"
Ramallah,2025-11-06T21:00:00,23.9,23.9,14.8,56.83,0,0,,0,0,18,9.1,325,88,9,0,0,0,,Partially cloudy,partly-cloudy-night,"C0641,OJAM,LLBG,OJAI"
Ramallah,2025-11-06T22:00:00,23.7,23.7,14.8,57.61,0,0,,0,0,16.6,8.2,353,88,9,0,0,0,,Partially cloudy,partly-cloudy-night,"C0641,OJAM,LLBG,OJAI"
Ramallah,2025-11-06T23:00:00,22.7,22.7,14,58.04,0,0,,0,0,13.7,8.4,354,25,9,0,0,0,,Partially cloudy,partly-cloudy-night,"C0641,OJAM,LLBG,OJAI"
Ramallah,2025-11-07T00:00:00,22.8,22.8,12.9,53.71,0,0,,0,0,13.7,5.4,131,90.8,9,0,0,0,,Overcast,cloudy,"C0641,OJAM,LLBG,OJAI"
Ramallah,2025-11-07T01:00:00,22.1,22.1,11.8,51.92,0,0,,0,0,12.6,5.8,145,92.2,9.1,0,0,0,,Overcast,cloudy,"C0641,OJAM,LLBG,OJAI"
Ramallah,2025-11-07T02:00:00,21.8,21.8,12.5,55.58,0,0,,0,0,12.6,7.7,69,88,9.1,0,0,0,,Partially cloudy,partly-cloudy-night,"C0641,OJAM,LLBG,OJAI"
Ramallah,2025-11-07T03:00:00,20.6,20.6,12.5,60,0,0,,0,0,12.6,8.2,106,50,8.3,0,0,0,,Partially cloudy,partly-cloudy-night,"C0641,OJAM,LLBG,OJAI"
Ramallah,2025-11-07T04:00:00,19.6,19.6,12.4,63.3,0,0,,0,0,11.5,2.9,274,25,8.3,0,0,0,,Partially cloudy,partly-cloudy-night,"C0641,OJAM,LLBG,OJAI"
Ramallah,2025-11-07T05:00:00,19.1,19.1,12,63.43,0,0,,0,0,10.8,4.3,31,50,9.1,0,0,0,,Partially cloudy,partly-cloudy-night,"C0641,OJAM,LLBG,OJAI"
Ramallah,2025-11-07T06:00:00,19,19,12.2,64.89,0,0,,0,0,9.7,4.5,76,25,9,6,0,0,,Partially cloudy,partly-cloudy-night,"C0641,OJAM,LLBG,OJAI"
Ramallah,2025-11-07T07:00:00,19.2,19.2,11.9,62.59,0,0,,0,0,9.7,5.6,29,25,5.8,108,0.4,1,,Partially cloudy,partly-cloudy-day,"C0641,OJAM,LLBG,OJAI"
Ramallah,2025-11-07T08:00:00,20.7,20.7,13.7,64.3,0,0,,0,0,12.6,4.5,73,46.6,5.6,249,0.9,2,,Partially cloudy,partly-cloudy-day,"C0641,OJAM,LLBG,OJAI"
Ramallah,2025-11-07T09:00:00,23.7,23.7,12.9,50.79,0,0,,0,0,13.3,4.5,73,12.5,7.9,463,1.7,5,,Clear,clear-day,"C0641,OJAM,LLBG,OJAI"
Ramallah,2025-11-07T10:00:00,25.7,25.7,12.1,42.88,0,0,,0,0,14.4,5.4,267,10,8.8,579,2.1,6,,Clear,clear-day,"C0641,OJAM,LLBG,OJAI"
Ramallah,2025-11-07T11:00:00,26,26,11.5,40.22,0,0,,0,0,15.8,5.5,98,25,8.8,627,2.3,6,,Partially cloudy,partly-cloudy-day,"C0641,OJAM,LLBG,OJAI"
Ramallah,2025-11-07T12:00:00,27.2,27,12.4,39.93,0,0,,0,0,16.2,8.5,348,25,8.8,610,2.2,6,,Partially cloudy,partly-cloudy-day,"C0641,OJAM,LLBG,OJAI"
Ramallah,2025-11-07T13:00:00,27.6,27.5,13.9,43.04,0,0,,0,0,17.3,13.7,333,50,8.8,146,0.5,1,,Partially cloudy,partly-cloudy-day,"C0641,OJAM,LLBG,OJAI"
Ramallah,2025-11-07T14:00:00,27.2,27.3,14.4,45.43,0,0,,0,0,16.9,18.6,289,50,9,433,1.6,4,,Partially cloudy,partly-cloudy-day,"C0641,OJAM,LLBG,OJAI"
Ramallah,2025-11-07T15:00:00,26.4,26.4,14.1,46.85,0,0,,0,0,17.3,15.8,343,50,9,242,0.9,2,,Partially cloudy,partly-cloudy-day,"C0641,OJAM,LLBG,OJAI"
Ramallah,2025-11-07T16:00:00,26.1,26.1,13.8,46.73,0,0,,0,0,18.7,14.9,324,50,8.8,51,0.2,1,,Partially cloudy,partly-cloudy-day,"C0641,OJAM,LLBG,OJAI"
Ramallah,2025-11-07T17:00:00,24.6,24.6,16,58.62,0,0,,0,0,18,12.5,334,50,9,0,0,0,,Partially cloudy,partly-cloudy-night,"C0641,OJAM,LLBG,OJAI"
Ramallah,2025-11-07T18:00:00,23.5,23.5,14.9,58.42,0,0,,0,0,19.4,13,351,50,9,0,0,0,,Partially cloudy,partly-cloudy-night,"C0641,OJAM,LLBG,OJAI"
Ramallah,2025-11-07T19:00:00,23.1,23.1,15,60.12,0,0,,0,0,20.5,11.4,7,25,9.1,0,0,0,,Partially cloudy,partly-cloudy-night,"C0641,OJAM,LLBG,OJAI"
Ramallah,2025-11-07T20:00:00,22.6,22.6,15.2,63.27,0,0,,0,0,19.4,8,13,50,9.1,0,0,0,,Partially cloudy,partly-cloudy-night,"C0641,OJAM,LLBG,OJAI"
Ramallah,2025-11-07T21:00:00,22.6,22.6,15.2,63.24,0,0,,0,0,15.8,4.8,213,88,9.1,0,0,0,,Partially cloudy,partly-cloudy-night,"C0641,OJAM,LLBG,OJAI"
Ramallah,2025-11-07T22:00:00,21.7,21.7,15.2,66.78,0,0,,0,0,14,5.2,223,25,9.1,0,0,0,,Partially cloudy,partly-cloudy-night,"C0641,OJAM,LLBG,OJAI"
Ramallah,2025-11-07T23:00:00,20.6,20.6,14,66.01,0,0,,0,0,12.6,5.6,135,25,9.1,0,0,0,,Partially cloudy,partly-cloudy-night,"C0641,OJAM,LLBG,OJAI"
Ramallah,2025-11-08T00:00:00,20.4,20.4,14,66.5,0,0,,0,0,10.8,2.7,135,1.2,9.1,0,0,0,,Clear,clear-night,"C0641,OJAM,LLBG,OJAI"
Ramallah,2025-11-08T01:00:00,20.2,20.2,15.1,72.52,0,0,,0,0,10.4,3.8,132,25,9.1,0,0,0,,Partially cloudy,partly-cloudy-night,"C0641,OJAM,LLBG,OJAI"
Ramallah,2025-11-08T02:00:00,18.4,18.4,13.8,74.37,0,0,,0,0,10.4,2.2,27,25,9.1,0,0,0,,Partially cloudy,partly-cloudy-night,"C0641,OJAM,LLBG,OJAI"
Ramallah,2025-11-08T03:00:00,19.1,19.1,14.6,75.09,0,0,,0,0,10.1,2.7,101,88,9.1,0,0,0,,Partially cloudy,partly-cloudy-night,"C0641,OJAM,LLBG,OJAI"
Ramallah,2025-11-08T04:00:00,18.2,18.2,14.1,76.69,0,0,,0,0,10.8,2,39,50,9,0,0,0,,Partially cloudy,partly-cloudy-night,"C0641,OJAM,LLBG,OJAI"
Ramallah,2025-11-08T05:00:00,18.1,18.1,14.1,77.3,0,0,,0,0,11.5,3.9,27,25,9,0,0,0,,Partially cloudy,partly-cloudy-night,"C0641,OJAM,LLBG,OJAI"
Ramallah,2025-11-08T06:00:00,18.1,18.1,14.4,79.05,0,0,,0,0,12.2,4.3,24,25,8.1,6,0,0,,Partially cloudy,partly-cloudy-night,"C0641,OJAM,LLBG,OJAI"
Ramallah,2025-11-08T07:00:00,17.6,17.6,13.7,78.33,0,0,,0,0,16.9,2.2,339,25,7.2,105,0.4,1,,Partially cloudy,partly-cloudy-day,"C0641,OJAM,LLBG,OJAI"
Ramallah,2025-11-08T08:00:00,19.7,19.7,14.3,70.95,0,0,,0,0,20.9,2,104,67.9,8.6,250,0.9,3,,Partially cloudy,partly-cloudy-day,"C0641,OJAM,LLBG,OJAI"
Ramallah,2025-11-08T09:00:00,22.6,22.6,14.7,61.01,0,0,,0,0,18.7,4.1,73,49.8,8.6,471,1.7,5,,Partially cloudy,partly-cloudy-day,"C0641,OJAM,LLBG,OJAI"
Ramallah,2025-11-08T10:00:00,24,24,14.4,55.05,0,0,,0,0,19.8,11,20,25,8.7,560,2,6,,Partially cloudy,partly-cloudy-day,"C0641,OJAM,LLBG,OJAI"
Ramallah,2025-11-08T11:00:00,25.2,25.2,14.6,51.57,0,0,,0,0,20.2,11.5,355,25,8.7,639,2.3,6,,Partially cloudy,partly-cloudy-day,"C0641,OJAM,LLBG,OJAI"
Ramallah,2025-11-08T12:00:00,26.4,26.4,13.4,44.9,0,0,,0,0,20.5,12.8,354,25,8.8,622,2.2,6,,Partially cloudy,partly-cloudy-day,"C0641,OJAM,LLBG,OJAI"
Ramallah,2025-11-08T13:00:00,26.7,27,14.7,47.83,0,0,,0,0,20.2,18.6,321,25,8.7,548,2,5,,Partially cloudy,partly-cloudy-day,"C0641,OJAM,LLBG,OJAI"
Ramallah,2025-11-08T14:00:00,26.8,27.1,14.5,46.78,0,0,,0,0,18.7,20.5,359,40.5,8.7,427,1.5,4,,Partially cloudy,partly-cloudy-day,"C0641,OJAM,LLBG,OJAI"
Ramallah,2025-11-08T15:00:00,25.9,25.9,14.1,48.16,0,0,,0,0,17.6,18.9,5,25,8.7,265,1,3,,Partially cloudy,partly-cloudy-day,"C0641,OJAM,LLBG,OJAI"
Ramallah,2025-11-08T16:00:00,25.1,25.1,15.3,54.67,0,0,,0,0,17.3,15.1,339,57,8.7,74,0.3,1,,Partially cloudy,partly-cloudy-day,"C0641,OJAM,LLBG,OJAI"
Ramallah,2025-11-08T17:00:00,24.5,24.5,15.3,56.62,0,0,,0,0,16.2,15.8,354,31.1,8.7,0,0,0,,Partially cloudy,partly-cloudy-night,"C0641,OJAM,LLBG,OJAI"
Ramallah,2025-11-08T18:00:00,23.4,23.4,14.7,58.1,0,0,,0,0,14.8,12.4,355,49,8.8,0,0,0,,Partially cloudy,partly-cloudy-night,"C0641,OJAM,LLBG,OJAI"
Ramallah,2025-11-08T19:00:00,22.2,22.2,13.8,58.65,0,0,,0,0,15.8,9.6,360,71.2,8.8,0,0,0,,Partially cloudy,partly-cloudy-night,"C0641,OJAM,LLBG,OJAI"
Ramallah,2025-11-08T20:00:00,22.2,22.2,14.1,60.03,0,0,,0,0,15.1,8.2,15,71.1,8.8,0,0,0,,Partially cloudy,partly-cloudy-night,"C0641,OJAM,LLBG,OJAI"
Ramallah,2025-11-08T21:00:00,21.2,21.2,14.1,63.81,0,0,,0,0,13,7.2,15,65.1,9,0,0,0,,Partially cloudy,partly-cloudy-night,"C0641,OJAM,LLBG,OJAI"
Ramallah,2025-11-08T22:00:00,20.8,20.8,14,65.14,0,0,,0,0,10.4,5,5,52.2,9,0,0,0,,Partially cloudy,partly-cloudy-night,"C0641,OJAM,LLBG,OJAI"
Ramallah,2025-11-08T23:00:00,20.7,20.7,14.2,66.6,0,0,,0,0,9.7,5.2,10,43.4,9.1,0,0,0,,Partially cloudy,partly-cloudy-night,"C0641,OJAM,LLBG,OJAI"
Ramallah,2025-11-09T00:00:00,19.8,19.8,14.2,70.32,0,0,,0,0,9,3.8,5,37,9.1,0,0,0,,Partially cloudy,partly-cloudy-night,"C0641,OJAM,LLBG,OJAI"
Ramallah,2025-11-09T01:00:00,18.4,18.4,12.6,69.04,0,0,,0,0,9.4,5.8,69,20.8,9.1,0,0,0,,Partially cloudy,partly-cloudy-night,"C0641,OJAM,LLBG,OJAI"
Ramallah,2025-11-09T02:00:00,18.4,18.4,13.3,72.59,0,0,,0,0,9.7,7.2,276,17.3,8.8,0,0,0,,Clear,clear-night,"C0641,OJAM,LLBG,OJAI"
Ramallah,2025-11-09T03:00:00,16.8,16.8,11.6,71.2,0,0,,0,0,10.4,5.4,10,21.1,8.4,0,0,0,,Partially cloudy,partly-cloudy-night,"C0641,OJAM,LLBG,OJAI"
Ramallah,2025-11-09T04:00:00,17.5,17.5,12.2,71.32,0,0,,0,0,11.2,11.2,110,26.5,7.7,0,0,0,,Partially cloudy,partly-cloudy-night,"C0641,OJAM,LLBG,OJAI"
Ramallah,2025-11-09T05:00:00,17.1,17.1,11.1,67.74,0,0,,0,0,11.2,5.2,15,34.5,6.8,0,0,0,,Partially cloudy,partly-cloudy-night,"C0641,OJAM,LLBG,OJAI"
Ramallah,2025-11-09T06:00:00,17.1,17.1,10.8,66.11,0,0,,0,0,10.4,5.2,15,54.9,6.3,4,0,0,,Partially cloudy,partly-cloudy-night,"C0641,OJAM,LLBG,OJAI"
Ramallah,2025-11-09T07:00:00,17,17,10.9,67.15,0,0,,0,0,10.1,6.7,102,36.2,5.5,115,0.4,1,,Partially cloudy,partly-cloudy-day,"C0641,OJAM,LLBG,OJAI"
Ramallah,2025-11-09T08:00:00,19.2,19.2,11.4,60.43,0,0,,0,0,12.6,4,85,15.7,6.3,266,1,3,,Clear,clear-day,"C0641,OJAM,LLBG,OJAI"
Ramallah,2025-11-09T09:00:00,22.4,22.4,12.5,53.67,0,0,,0,0,14,4.4,65,14.5,7.8,490,1.8,5,,Clear,clear-day,"C0641,OJAM,LLBG,OJAI"
Ramallah,2025-11-09T10:00:00,24.4,24.4,12,45.87,0,0,,0,0,18,5.1,65,18.9,8.6,604,2.2,6,,Clear,clear-day,"C0641,OJAM,LLBG,OJAI"
Ramallah,2025-11-09T11:00:00,26.5,26.5,10.2,35.96,0,0,,0,0,20.2,5.6,65,34.7,7.2,654,2.4,7,,Partially cloudy,partly-cloudy-day,"C0641,OJAM,LLBG,OJAI"
Ramallah,2025-11-09T12:00:00,28.9,27.6,7.9,26.72,0,0,,0,0,22,7,60,8.9,8.1,633,2.3,6,,Clear,clear-day,"C0641,OJAM,LLBG,OJAI"
Ramallah,2025-11-09T13:00:00,30,28.4,7.2,23.93,0,0,,0,0,21.6,6.6,105,6,8.8,556,2,6,,Clear,clear-day,"C0641,OJAM,LLBG,OJAI"
Ramallah,2025-11-09T14:00:00,29.4,28.1,8.9,27.8,0,0,,0,0,21.2,17.1,335,1.8,8.8,414,1.5,4,,Clear,clear-day,"C0641,OJAM,LLBG,OJAI"
Ramallah,2025-11-09T15:00:00,28.6,27.7,10.3,31.97,0,0,,0,0,17.6,15.6,353,0.4,8.8,236,0.8,2,,Clear,clear-day,"C0641,OJAM,LLBG,OJAI"
Ramallah,2025-11-09T16:00:00,26.8,26.7,11.5,38.33,0,0,,0,0,13,15.2,359,0,8.7,63,0.2,1,,Clear,clear-day,"C0641,OJAM,LLBG,OJAI"
Ramallah,2025-11-09T17:00:00,24.6,24.6,13.9,51.25,0,0,,0,0,6.8,12.3,350,0,7.4,0,0,0,,Clear,clear-night,"C0641,OJAM,LLBG,OJAI"
Ramallah,2025-11-09T18:00:00,24.3,24.3,14.2,53.55,0,0,,0,0,11.5,5.6,86,0,8.3,0,0,0,,Clear,clear-night,"C0641,OJAM,LLBG,OJAI"
Ramallah,2025-11-09T19:00:00,23.1,23.1,14,56.42,0,0,,0,0,12.6,5.9,86,0,7.5,0,0,0,,Clear,clear-night,"C0641,OJAM,LLBG,OJAI"
Ramallah,2025-11-09T20:00:00,22.1,22.1,14.4,61.36,0,0,,0,0,11.9,6.1,91,0,7.7,0,0,0,,Clear,clear-night,"C0641,OJAM,LLBG,OJAI"
Ramallah,2025-11-09T21:00:00,22,22,12.8,55.93,0,0,,0,0,11.2,8.9,109,0,7.7,0,0,0,,Clear,clear-night,"C0641,OJAM,LLBG,OJAI"
Ramallah,2025-11-09T22:00:00,21.1,21.1,12.9,59.48,0,0,,0,0,12.6,7.9,92,0,8.3,0,0,0,,Clear,clear-night,"C0641,OJAM,LLBG,OJAI"
Ramallah,2025-11-09T23:00:00,20.4,20.4,12.9,62.38,0,0,,0,0,13,2.8,0,0,7.5,0,0,0,,Clear,clear-night,"C0641,OJAM,LLBG,OJAI"
Ramallah,2025-11-10T00:00:00,19.6,19.6,12.2,62.21,0,0,,0,0,12.6,3.4,41,0,6.8,0,0,0,,Clear,clear-night,"C0641,OJAM,LLBG,OJAI"
Ramallah,2025-11-10T01:00:00,20.9,20.9,12.8,59.9,0,0,,0,0,11.5,6.3,75,50,6.8,0,0,0,,Partially cloudy,partly-cloudy-night,"C0641,OJAM,LLBG,OJAI"
Ramallah,2025-11-10T02:00:00,19.1,19.1,12.8,66.84,0,0,,0,0,11.5,8.4,100,0,5.9,0,0,0,,Clear,clear-night,"C0641,OJAM,LLBG,OJAI"
Ramallah,2025-11-10T03:00:00,18.2,18.2,12.2,67.64,0,0,,0,0,11.9,9.8,99,0,5.9,0,0,0,,Clear,clear-night,"C0641,OJAM,LLBG,OJAI"
Ramallah,2025-11-10T04:00:00,18,18,12,68.1,0,0,,0,0,12.2,8.2,107,0,6.8,0,0,0,,Clear,clear-night,"C0641,OJAM,LLBG,OJAI"
Ramallah,2025-11-10T05:00:00,18,18,12.9,72.15,0,0,,0,0,11.9,5.1,70,2.4,5.9,0,0,0,,Clear,clear-night,"C0641,OJAM,LLBG,OJAI"
Ramallah,2025-11-10T06:00:00,17.7,17.7,11.3,66.17,0,0,,0,0,10.8,6,70,25,6.3,2,0,0,,Partially cloudy,partly-cloudy-night,"C0641,OJAM,LLBG,OJAI"
Ramallah,2025-11-10T07:00:00,18.7,18.7,10.3,57.92,0,0,,0,0,9.4,6,116,25,6.3,101,0.4,1,,Partially cloudy,partly-cloudy-day,"C0641,OJAM,LLBG,OJAI"
Ramallah,2025-11-10T08:00:00,19.3,19.3,11.9,62.31,0,0,,0,0,10.1,7,101,50,5.5,254,0.9,3,,Partially cloudy,partly-cloudy-day,"C0641,OJAM,LLBG,OJAI"
Ramallah,2025-11-10T09:00:00,22,22,11.8,52.5,0,0,,0,0,16.2,7.2,111,25,5.5,469,1.7,5,,Partially cloudy,partly-cloudy-day,"C0641,OJAM,LLBG,OJAI"
Ramallah,2025-11-10T10:00:00,24.7,24.7,13.7,50.14,0,0,,0,0,20.5,5.8,106,6.7,6.2,589,2.1,6,,Clear,clear-day,"C0641,OJAM,LLBG,OJAI"
Ramallah,2025-11-10T11:00:00,26.8,26.8,12.3,40.64,0,0,,0,0,24.1,6.9,134,25,8.5,642,2.3,6,,Partially cloudy,partly-cloudy-day,"C0641,OJAM,LLBG,OJAI"
Ramallah,2025-11-10T12:00:00,28.7,28.2,13.3,38.83,0,0,,0,0,26.3,11.7,235,0,8.6,635,2.3,6,,Clear,clear-day,"C0641,OJAM,LLBG,OJAI"
Ramallah,2025-11-10T13:00:00,28.7,27.9,11.7,34.85,0,0,,0,0,27.4,14,244,1.1,8.6,559,2,6,,Clear,clear-day,"C0641,OJAM,LLBG,OJAI"
Ramallah,2025-11-10T14:00:00,28.6,28,12.3,36.64,0,0,,0,0,27,15.6,334,3.3,8.7,419,1.5,4,,Clear,clear-day,"C0641,OJAM,LLBG,OJAI"
Ramallah,2025-11-10T15:00:00,27.3,27.2,13,41.23,0,0,,0,0,24.1,15.8,245,1.8,8.7,248,0.9,2,,Clear,clear-day,"C0641,OJAM,LLBG,OJAI"
Ramallah,2025-11-10T16:00:00,26.1,26.1,14.6,49.34,0,0,,0,0,18.7,14.5,334,0,8.7,60,0.2,1,,Clear,clear-day,"C0641,OJAM,LLBG,OJAI"
Ramallah,2025-11-10T17:00:00,24.7,24.7,14.7,53.85,0,0,,0,0,9.4,12.4,331,0,5.8,0,0,0,,Clear,clear-night,"C0641,OJAM,LLBG,OJAI"
Ramallah,2025-11-10T18:00:00,23.5,23.5,14.4,56.7,0,0,,0,0,7.9,10.6,322,0,6.5,0,0,0,,Clear,clear-night,"C0641,OJAM,LLBG,OJAI"
Ramallah,2025-11-10T19:00:00,22.7,22.7,14.4,59.39,0,0,,0,0,8.3,8,100,0,5,0,0,0,,Clear,clear-night,"C0641,OJAM,LLBG,OJAI"
Ramallah,2025-11-10T20:00:00,22.5,22.5,14.4,60.24,0,0,,0,0,9,5.2,125,0,5.9,0,0,0,,Clear,clear-night,"C0641,OJAM,LLBG,OJAI"
Ramallah,2025-11-10T21:00:00,21.6,21.6,13.6,60.48,0,0,,0,0,11.2,6.9,120,50,5.1,0,0,0,,Partially cloudy,partly-cloudy-night,"C0641,OJAM,LLBG,OJAI"
Ramallah,2025-11-10T22:00:00,21.5,21.5,13,58.41,0,0,,0,0,10.4,8.8,111,50,6,0,0,0,,Partially cloudy,partly-cloudy-night,"C0641,OJAM,LLBG,OJAI"
Ramallah,2025-11-10T23:00:00,21.3,21.3,14,63.24,0,0,,0,0,9.7,8.1,83,50,6,0,0,0,,Partially cloudy,partly-cloudy-night,"C0641,OJAM,LLBG,OJAI"
Ramallah,2025-11-11T00:00:00,20.5,20.5,13,62.09,0,0,,0,0,9.7,7.3,143,25,5.2,0,0,0,,Partially cloudy,partly-cloudy-night,"C0641,OJAM,LLBG,OJAI"
Ramallah,2025-11-11T01:00:00,20.5,20.5,13.6,64.76,0,0,,0,0,10.1,4.3,92,50,5.2,0,0,0,,Partially cloudy,partly-cloudy-night,"C0641,OJAM,LLBG,OJAI"
Ramallah,2025-11-11T02:00:00,20.1,20.1,12.9,62.94,0,0,,0,0,10.1,9.3,123,50,5.2,0,0,0,,Partially cloudy,partly-cloudy-night,"C0641,OJAM,LLBG,OJAI"
Ramallah,2025-11-11T03:00:00,19.3,19.3,12.2,63.74,0,0,,0,0,10.1,6.7,114,25,5.2,0,0,0,,Partially cloudy,partly-cloudy-night,"C0641,OJAM,LLBG,OJAI"
Ramallah,2025-11-11T04:00:00,19.9,19.9,12.1,60.75,0,0,,0,0,10.1,5.8,59,50,5.1,0,0,0,,Partially cloudy,partly-cloudy-night,"C0641,OJAM,LLBG,OJAI"
Ramallah,2025-11-11T05:00:00,18.9,18.9,12.3,65.67,0,0,,0,0,10.4,6.3,90,50,5.1,0,0,0,,Partially cloudy,partly-cloudy-night,"C0641,OJAM,LLBG,OJAI"
Ramallah,2025-11-11T06:00:00,19.3,19.3,12.3,64.06,0,0,,0,0,10.8,9.1,102,50,5.6,8,0,0,,Partially cloudy,partly-cloudy-night,"C0641,OJAM,LLBG,OJAI"
Ramallah,2025-11-11T07:00:00,19.3,19.3,11.7,61.39,0,0,,0,0,10.1,8.1,112,25,5.5,107,0.4,1,,Partially cloudy,partly-cloudy-day,"C0641,OJAM,LLBG,OJAI"
Ramallah,2025-11-11T08:00:00,20.7,20.7,12.7,60.29,0.1,0,rain,0,0,12.6,6.9,122,88.3,6.3,244,0.9,2,,Partially cloudy,partly-cloudy-day,"C0641,OJAM,LLBG,OJAI"
Ramallah,2025-11-11T09:00:00,23.4,23.4,13.5,53.5,0,0,,0,0,12.6,5.4,54,25,7.1,474,1.7,5,,Partially cloudy,partly-cloudy-day,"C0641,OJAM,LLBG,OJAI"
Ramallah,2025-11-11T10:00:00,24.4,24.4,13.3,50.21,0,0,,0,0,12.6,6.5,94,50,7.9,563,2,6,,Partially cloudy,partly-cloudy-day,"C0641,OJAM,LLBG,OJAI"
Ramallah,2025-11-11T11:00:00,26.6,26.6,13.6,44.66,0,0,,0,0,14,9.9,250,50,8.1,603,2.2,6,,Partially cloudy,partly-cloudy-day,"C0641,OJAM,LLBG,OJAI"
Ramallah,2025-11-11T12:00:00,26.2,26.2,13.3,45.05,0,0,,0,0,16.9,14.8,276,50,8.6,582,2.1,6,,Partially cloudy,partly-cloudy-day,"C0641,OJAM,LLBG,OJAI"
Ramallah,2025-11-11T13:00:00,26.3,26.3,13.9,46.31,0,0,,0,0,18.7,15,254,50,8.6,525,1.9,5,,Partially cloudy,partly-cloudy-day,"C0641,OJAM,LLBG,OJAI"
Ramallah,2025-11-11T14:00:00,26.4,26.4,13.3,44.43,0.1,0,rain,0,0,20.9,17.5,281,50,8.6,386,1.4,4,,Partially cloudy,partly-cloudy-day,"C0641,OJAM,LLBG,OJAI"
Ramallah,2025-11-11T15:00:00,25.4,25.4,13.4,47.49,0.4,100,rain,0,0,21.2,21.9,305,25,8.7,198,0.7,2,,"Rain, Partially cloudy",rain,"C0641,OJAM,LLBG,OJAI"
Ramallah,2025-11-11T16:00:00,25.1,25.1,12.7,46.14,0,0,,0,0,20.9,17.1,314,50,8.7,109,0.4,1,,Partially cloudy,partly-cloudy-day,"C0641,OJAM,LLBG,OJAI"
Ramallah,2025-11-11T17:00:00,23.6,23.6,13,51.56,0,0,,0,0,19.4,14.1,321,25,8.6,0,0,0,,Partially cloudy,partly-cloudy-night,"C0641,OJAM,LLBG,OJAI"
Ramallah,2025-11-11T18:00:00,23.2,23.2,13.5,54.34,0,0,,0,0,19.1,10.5,331,50,8.8,0,0,0,,Partially cloudy,partly-cloudy-night,"C0641,OJAM,LLBG,OJAI"
Ramallah,2025-11-11T19:00:00,23,23,13.6,55.55,0,0,,0,0,19.4,11.2,316,50,8.8,0,0,0,,Partially cloudy,partly-cloudy-night,"C0641,OJAM,LLBG,OJAI"
Ramallah,2025-11-11T20:00:00,22.6,22.6,13.5,56.7,0,0,,0,0,18.7,9.6,349,50,8.7,0,0,0,,Partially cloudy,partly-cloudy-night,"C0641,OJAM,LLBG,OJAI"
Ramallah,2025-11-11T21:00:00,21.4,21.4,13.7,61.19,0,0,,0,0,21.6,10.1,334,88,8.7,0,0,0,,Partially cloudy,partly-cloudy-night,"C0641,OJAM,LLBG,OJAI"
Ramallah,2025-11-11T22:00:00,21.4,21.4,13.8,61.86,0,0,,0,0,18.4,9.1,351,88,8.8,0,0,0,,Partially cloudy,partly-cloudy-night,"C0641,OJAM,LLBG,OJAI"
Ramallah,2025-11-11T23:00:00,21.2,21.2,13.9,63.27,0,0,,0,0,16.9,9.2,354,88,8.8,0,0,0,,Partially cloudy,partly-cloudy-night,"C0641,OJAM,LLBG,OJAI"
Ramallah,2025-11-12T00:00:00,21.1,21.1,14.1,64.23,0,0,,0,0,13.3,6.2,12,88,9,0,0,0,,Partially cloudy,partly-cloudy-night,"C0641,OJAM,LLBG,OJAI"
Ramallah,2025-11-12T01:00:00,21.1,21.1,13.9,63.74,0,0,,0,0,10.8,3.2,92,88,9,0,0,0,,Partially cloudy,partly-cloudy-night,"C0641,OJAM,LLBG,OJAI"
Ramallah,2025-11-12T02:00:00,20,20,13.8,67.79,0,0,,0,0,10.1,3.2,31,88,9,0,0,0,,Partially cloudy,partly-cloudy-night,"C0641,OJAM,LLBG,OJAI"
Ramallah,2025-11-12T03:00:00,20,20,14.5,70.88,0,0,,0,0,10.1,2,51,50,9,0,0,0,,Partially cloudy,partly-cloudy-night,"C0641,OJAM,LLBG,OJAI"
Ramallah,2025-11-12T04:00:00,19.9,19.9,14.5,71.41,0,0,,0,0,10.1,3.2,31,88,8.7,0,0,0,,Partially cloudy,partly-cloudy-night,"C0641,OJAM,LLBG,OJAI"
Ramallah,2025-11-12T05:00:00,19.1,19.1,14.9,76.56,0,0,,0,0,10.1,3.4,46,88,8.6,0,0,0,,Partially cloudy,partly-cloudy-night,"C0641,OJAM,LLBG,OJAI"
Ramallah,2025-11-12T06:00:00,19,19,15,77.7,0,0,,0,0,10.4,0.6,7,50,8.4,3,0,0,,Partially cloudy,partly-cloudy-night,"C0641,OJAM,LLBG,OJAI"
Ramallah,2025-11-12T07:00:00,19,19,15.1,78.28,0,0,,0,0,9.7,3.2,36,50,8.5,87,0.3,1,,Partially cloudy,partly-cloudy-day,"C0641,OJAM,LLBG,OJAI"
Ramallah,2025-11-12T08:00:00,21.1,21.1,14.7,66.85,0,0,,0,0,12.2,3.4,144,25,8.5,178,0.6,2,,Partially cloudy,partly-cloudy-day,"C0641,OJAM,LLBG,OJAI"
Ramallah,2025-11-12T09:00:00,22.4,22.4,14.9,62.45,0,0,,0,0,15.5,7.4,90,25,8.5,468,1.7,5,,Partially cloudy,partly-cloudy-day,"C0641,OJAM,LLBG,OJAI"
Ramallah,2025-11-12T10:00:00,23.1,23.1,14.4,57.83,0,0,,0,0,15.5,4.8,51,25,8.5,556,2,6,,Partially cloudy,partly-cloudy-day,"C0641,OJAM,LLBG,OJAI"
Ramallah,2025-11-12T11:00:00,24.9,24.9,14.4,52.01,0,0,,0,0,14.8,4.1,70,25,8.5,607,2.2,6,,Partially cloudy,partly-cloudy-day,"C0641,OJAM,LLBG,OJAI"
Ramallah,2025-11-12T12:00:00,25.1,25.1,15,53.49,0,0,,0,0,14.8,14.5,348,25,8.5,463,1.7,5,,Partially cloudy,partly-cloudy-day,"C0641,OJAM,LLBG,OJAI"
Ramallah,2025-11-12T13:00:00,24.6,24.6,14.9,54.8,0,0,,0,0,17.3,14.9,308,33.5,8.6,291,1,3,,Partially cloudy,partly-cloudy-day,"C0641,OJAM,LLBG,OJAI"
Ramallah,2025-11-12T14:00:00,24.9,24.9,14.6,52.48,0,0,,0,0,18,17.5,348,50,8.8,339,1.2,3,,Partially cloudy,partly-cloudy-day,"C0641,OJAM,LLBG,OJAI"
Ramallah,2025-11-12T15:00:00,24.8,24.8,14.4,52.43,0,0,,0,0,18,17.5,351,88,8.7,214,0.8,2,,Partially cloudy,partly-cloudy-day,"C0641,OJAM,LLBG,OJAI"
Ramallah,2025-11-12T16:00:00,23.8,23.8,13.4,52.13,0,0,,0,0,18.7,17.3,3,96.6,8.6,51,0.2,1,,Overcast,cloudy,"C0641,OJAM,LLBG,OJAI"
Ramallah,2025-11-12T17:00:00,23.6,23.6,12.9,51.06,0,0,,0,0,16.9,16.1,342,94.5,8.6,0,0,0,,Overcast,cloudy,"C0641,OJAM,LLBG,OJAI"
Ramallah,2025-11-12T18:00:00,22.5,22.5,14,58.78,0,0,,0,0,15.5,11.3,356,93.1,8.6,0,0,0,,Overcast,cloudy,"C0641,OJAM,LLBG,OJAI"
Ramallah,2025-11-12T19:00:00,22.2,22.2,14.3,60.73,0,0,,0,0,17.3,8.9,14,97.6,8.6,0,0,0,,Overcast,cloudy,"C0641,OJAM,LLBG,OJAI"
Ramallah,2025-11-12T20:00:00,22,22,14.2,61.1,0,0,,0,0,17.3,5.6,65,91.8,8.6,0,0,0,,Overcast,cloudy,"C0641,OJAM,LLBG,OJAI"
Ramallah,2025-11-12T21:00:00,21,21,14.1,64.48,0.4,100,rain,0,0,16.2,3.6,24,94.3,8.8,0,0,0,,"Rain, Overcast",rain,"C0641,OJAM,LLBG,OJAI"
Ramallah,2025-11-12T22:00:00,20.9,20.9,12.6,59.04,0.3,100,rain,0,0,16.2,5.4,24,90.4,8.8,0,0,0,,"Rain, Overcast",rain,"C0641,OJAM,LLBG,OJAI"
Ramallah,2025-11-12T23:00:00,20.9,20.9,12,56.87,0.1,0,rain,0,0,16.2,5.2,58,94.9,8.8,0,0,0,,Overcast,cloudy,"C0641,OJAM,LLBG,OJAI"
Ramallah,2025-11-13T00:00:00,20.1,20.1,12.2,60.1,0.2,0,rain,0,0,15.1,6.9,113,92.3,9,0,0,0,,Overcast,cloudy,"C0641,OJAM,LLBG,OJAI"
Ramallah,2025-11-13T01:00:00,19.3,19.3,11.1,59.37,0.3,100,rain,0,0,13.7,5.9,182,25,9,0,0,0,,"Rain, Partially cloudy",rain,"C0641,OJAM,LLBG,OJAI"
Ramallah,2025-11-13T02:00:00,19.1,19.1,11.7,61.93,1.8,100,rain,0,0,14.8,5,24,25,9.1,0,0,0,,"Rain, Partially cloudy",rain,"C0641,OJAM,LLBG,OJAI"
Ramallah,2025-11-13T03:00:00,18.8,18.8,11.3,61.61,2.9,100,rain,0,0,14,6.4,112,37.7,9.1,0,0,0,,"Rain, Partially cloudy",rain,"C0641,OJAM,LLBG,OJAI"
Ramallah,2025-11-13T04:00:00,18.7,18.7,11.4,62.49,2.4,100,rain,0,0,14,5.9,294,25,9.1,0,0,0,,"Rain, Partially cloudy",rain,"C0641,OJAM,LLBG,OJAI"
Ramallah,2025-11-13T05:00:00,17.4,17.4,9.8,60.83,2.3,100,rain,0,0,13,3.6,60,25,9,0,0,0,,"Rain, Partially cloudy",rain,"C0641,OJAM,LLBG,OJAI"
Ramallah,2025-11-13T06:00:00,17.4,17.4,9.8,60.83,1.2,100,rain,0,0,13,6.1,61,25,8.5,0,0,0,,"Rain, Partially cloudy",rain,"C0641,OJAM,LLBG,OJAI"
Ramallah,2025-11-13T07:00:00,17.6,17.6,10.3,62.61,0.6,100,rain,0,0,15.1,5.6,340,36.9,8.6,97,0.3,1,,"Rain, Partially cloudy",rain,"C0641,OJAM,LLBG,OJAI"
Ramallah,2025-11-13T08:00:00,19.7,19.7,10.8,56.59,0.7,100,rain,0,0,16.2,8.5,93,40,8.6,251,0.9,3,,"Rain, Partially cloudy",rain,"C0641,OJAM,LLBG,OJAI"
Ramallah,2025-11-13T09:00:00,22.5,22.5,12.2,52.02,0.7,100,rain,0,0,13.3,4.5,26,50,8.6,424,1.5,4,,"Rain, Partially cloudy",rain,"C0641,OJAM,LLBG,OJAI"
Ramallah,2025-11-13T10:00:00,23,23,12.5,51.57,0.5,100,rain,0,0,14.4,9.2,22,50,8.7,545,2,5,,"Rain, Partially cloudy",rain,"C0641,OJAM,LLBG,OJAI"
Ramallah,2025-11-13T11:00:00,24,24,11.2,44.56,0.3,100,rain,0,0,18.7,9.1,302,50,8.7,651,2.3,7,,"Rain, Partially cloudy",rain,"C0641,OJAM,LLBG,OJAI"
Ramallah,2025-11-13T12:00:00,24.4,24.4,12.5,47.55,1.3,100,rain,0,0,21.6,10.5,295,50,8.7,442,1.6,4,,"Rain, Partially cloudy",rain,"C0641,OJAM,LLBG,OJAI"
Ramallah,2025-11-13T13:00:00,25.5,25.5,13.5,47.61,5.4,100,rain,0,0,24.5,9.1,310,88,8.7,183,0.7,2,,"Rain, Partially cloudy",rain,"C0641,OJAM,LLBG,OJAI"
Ramallah,2025-11-13T14:00:00,24.8,24.8,13.7,49.86,2.1,100,rain,0,0,25.6,16.4,283,50,8.7,118,0.4,1,,"Rain, Partially cloudy",rain,"C0641,OJAM,LLBG,OJAI"
Ramallah,2025-11-13T15:00:00,24.7,24.7,14,51.35,0.8,100,rain,0,0,22.3,20.8,274,28.4,8.7,229,0.8,2,,"Rain, Partially cloudy",rain,"C0641,OJAM,LLBG,OJAI"
Ramallah,2025-11-13T16:00:00,24.2,24.2,14.6,54.85,0.3,100,rain,0,0,17.6,19.6,253,46.6,8.7,30,0.1,0,,"Rain, Partially cloudy",rain,"C0641,OJAM,LLBG,OJAI"
Ramallah,2025-11-13T17:00:00,21.6,21.6,14,61.99,0,0,,0,0,14,28.9,301,73.3,8.8,0,0,0,,Partially cloudy,partly-cloudy-night,"C0641,OJAM,LLBG,OJAI"
Ramallah,2025-11-13T18:00:00,21.4,21.4,13.1,59.41,0.1,0,rain,0,0,11.9,9.3,293,44.2,9,0,0,0,,Partially cloudy,partly-cloudy-night,"C0641,OJAM,LLBG,OJAI"
Ramallah,2025-11-13T19:00:00,20.4,20.4,14,66.9,0.2,0,rain,0,0,13.3,11.2,22,44.2,9,0,0,0,,Partially cloudy,partly-cloudy-night,"C0641,OJAM,LLBG,OJAI"
Ramallah,2025-11-13T20:00:00,20.2,20.2,15,71.89,0,0,,0,0,11.5,7.4,284,47.2,9,0,0,0,,Partially cloudy,partly-cloudy-night,"C0641,OJAM,LLBG,OJAI"
Ramallah,2025-11-13T21:00:00,20.8,20.8,15,69.57,0,0,,0,0,9.7,6.9,301,28.4,9,0,0,0,,Partially cloudy,partly-cloudy-night,"C0641,OJAM,LLBG,OJAI"
Ramallah,2025-11-13T22:00:00,19.9,19.9,15.1,74,0,0,,0,0,9.4,9.4,106,28.2,9,0,0,0,,Partially cloudy,partly-cloudy-night,"C0641,OJAM,LLBG,OJAI"
Ramallah,2025-11-13T23:00:00,18.9,18.9,14.1,73.82,0,0,,0,0,9.7,11.2,200,25,9,0,0,0,,Partially cloudy,partly-cloudy-night,"C0641,OJAM,LLBG,OJAI"
Ramallah,2025-11-14T00:00:00,18,18,14.1,78.04,0,0,,0,0,9.7,5.4,256,21.1,9.1,0,0,0,,Partially cloudy,partly-cloudy-night,"C0641,OJAM,LLBG,OJAI"
Ramallah,2025-11-14T01:00:00,17.7,17.7,13.8,77.99,0.1,0,rain,0,0,12.2,8,153,43.1,9.1,0,0,0,,Partially cloudy,partly-cloudy-night,"C0641,OJAM,LLBG,OJAI"
Ramallah,2025-11-14T02:00:00,17.7,17.7,13.8,77.99,0.3,100,rain,0,0,15.1,10.5,93,25,9.3,0,0,0,,"Rain, Partially cloudy",rain,"C0641,OJAM,LLBG,OJAI"
Ramallah,2025-11-14T03:00:00,17,17,14,82.48,0.2,0,rain,0,0,16.6,11,176,50,9.3,0,0,0,,Partially cloudy,partly-cloudy-night,"C0641,OJAM,LLBG,OJAI"
Ramallah,2025-11-14T04:00:00,17.6,17.6,13.9,79.13,0.8,100,rain,0,0,19.1,10.5,179,50,9.3,0,0,0,,"Rain, Partially cloudy",rain,"C0641,OJAM,LLBG,OJAI"
Ramallah,2025-11-14T05:00:00,17.4,17.4,13.6,77.92,0.8,100,rain,0,0,19.4,19.1,221,44.2,9.1,0,0,0,,"Rain, Partially cloudy",rain,"C0641,OJAM,LLBG,OJAI"
Ramallah,2025-11-14T06:00:00,17.4,17.4,13.6,77.92,0.4,100,rain,0,0,20.2,20.7,209,44.2,8.2,5,0,0,,"Rain, Partially cloudy",rain,"C0641,OJAM,LLBG,OJAI"
Ramallah,2025-11-14T07:00:00,16,16,13,82.32,0.1,0,rain,0,0,19.8,6.3,259,76.3,8,76,0.3,1,,Partially cloudy,partly-cloudy-day,"C0641,OJAM,LLBG,OJAI"
Ramallah,2025-11-14T08:00:00,15.6,15.6,13.9,89.58,0.2,0,rain,0,0,24.1,12.3,156,79.1,8.7,141,0.5,1,,Partially cloudy,partly-cloudy-day,"C0641,OJAM,LLBG,OJAI"
Ramallah,2025-11-14T09:00:00,17,17,13.9,82.21,0,0,,0,0,28.8,19.2,150,30.8,8.8,536,1.9,5,,Partially cloudy,partly-cloudy-day,"C0641,OJAM,LLBG,OJAI"
Ramallah,2025-11-14T10:00:00,18.7,18.7,14.4,76.14,0.2,0,rain,0,0,32.4,20.1,209,30.8,8.8,535,1.9,5,,Partially cloudy,partly-cloudy-day,"C0641,OJAM,LLBG,OJAI"
Ramallah,2025-11-14T11:00:00,19.6,19.6,13.4,67.53,1.3,100,rain,0,0,36.4,22.3,209,28,8.8,468,1.7,5,,"Rain, Partially cloudy",rain,"C0641,OJAM,LLBG,OJAI"
Ramallah,2025-11-14T12:00:00,19.7,19.7,14.2,70.47,1.7,100,rain,0,0,40,17.8,217,50,8.8,224,0.8,2,,"Rain, Partially cloudy",rain,"C0641,OJAM,LLBG,OJAI"
Ramallah,2025-11-14T13:00:00,18.8,18.8,13.5,71.35,0.8,100,rain,0,0,39.2,13.2,215,50,5,114,0.4,1,,"Rain, Partially cloudy",rain,"C0641,OJAM,LLBG,OJAI"
Ramallah,2025-11-14T14:00:00,18.7,18.7,13,69.24,0.3,100,rain,0,0,37.4,10.2,235,50,8.6,412,1.5,4,,"Rain, Partially cloudy",rain,"C0641,OJAM,LLBG,OJAI"
Ramallah,2025-11-14T15:00:00,16.7,16.7,13.9,83.51,0.8,100,rain,0,0,36,19.2,344,35.2,7.1,5,0,0,,"Rain, Partially cloudy",rain,"C0641,OJAM,LLBG,OJAI"
Ramallah,2025-11-14T16:00:00,16.5,16.5,13.7,83.41,0.1,0,rain,0,0,36,15.6,170,35.2,8.8,14,0.1,0,,Partially cloudy,partly-cloudy-day,"C0641,OJAM,LLBG,OJAI"
Ramallah,2025-11-14T17:00:00,15.8,15.8,13.8,87.91,0,0,,0,0,23.4,13.3,186,88,8.6,0,0,0,,Partially cloudy,partly-cloudy-night,"C0641,OJAM,LLBG,OJAI"
Ramallah,2025-11-14T18:00:00,15.8,15.8,13.9,88.56,0.1,0,rain,0,0,21.6,11.9,193,50,8.8,0,0,0,,Partially cloudy,partly-cloudy-night,"C0641,OJAM,LLBG,OJAI"
Ramallah,2025-11-14T19:00:00,15.8,15.8,13.9,88.56,0.2,0,rain,0,0,20.5,9,145,25,9.2,0,0,0,,Partially cloudy,partly-cloudy-night,"C0641,OJAM,LLBG,OJAI"
Ramallah,2025-11-14T20:00:00,16.2,16.2,13.3,83.11,0.3,100,rain,0,0,20.9,6.1,270,93.6,9.4,0,0,0,,"Rain, Overcast",rain,"C0641,LLBG,OJAI"
Ramallah,2025-11-14T21:00:00,14.9,14.9,12.1,83.49,0.1,0,rain,0,0,21.2,7.4,259,25,9.4,0,0,0,,Partially cloudy,partly-cloudy-night,"C0641,OJAM,LLBG,OJAI"
Ramallah,2025-11-14T22:00:00,14.9,14.9,12.1,83.49,0.1,0,rain,0,0,22,10.4,173,25,9.4,0,0,0,,Partially cloudy,partly-cloudy-night,"C0641,OJAM,LLBG,OJAI"
Ramallah,2025-11-14T23:00:00,15.7,15.7,12.8,82.96,0,0,,0,0,17.6,10.7,182,27.8,9.4,0,0,0,,Partially cloudy,partly-cloudy-night,"C0641,OJAM,LLBG,OJAI"
Ramallah,2025-11-15T00:00:00,15.7,15.7,12.9,83.58,0.2,0,rain,0,0,20.2,17.7,190,79.1,9.2,0,0,0,,Partially cloudy,partly-cloudy-night,"C0641,OJAM,LLBG,OJAI"
Ramallah,2025-11-15T01:00:00,15.9,15.9,13.9,87.88,0.2,0,rain,0,0,24.1,10,163,76.1,9.2,0,0,0,,Partially cloudy,partly-cloudy-night,"C0641,OJAM,LLBG,OJAI"
Ramallah,2025-11-15T02:00:00,15.9,15.9,14,88.57,0.3,100,rain,0,0,23.4,15.9,175,79.1,9,0,0,0,,"Rain, Partially cloudy",rain,"C0641,OJAM,LLBG,OJAI"
Ramallah,2025-11-15T03:00:00,16,16,14.1,88.58,0.2,0,rain,0,0,27,21.9,193,83.7,8.7,0,0,0,,Partially cloudy,partly-cloudy-night,"C0641,OJAM,LLBG,OJAI"
Ramallah,2025-11-15T04:00:00,16,16,14,87.93,0.5,100,rain,0,0,29.5,13.9,194,54.6,8.7,0,0,0,,"Rain, Partially cloudy",rain,"C0641,OJAM,LLBG,OJAI"
Ramallah,2025-11-15T05:00:00,16,16,14.2,89.27,0.6,100,rain,0,0,29.5,18.6,194,58.9,8.7,0,0,0,,"Rain, Partially cloudy",rain,"C0641,OJAM,LLBG,OJAI"
Ramallah,2025-11-15T06:00:00,16.4,16.4,13.7,83.9,0.8,100,rain,0,0,31.3,20.8,179,50,9.3,0,0,0,,"Rain, Partially cloudy",rain,"C0641,OJAM,LLBG"
Ramallah,2025-11-15T07:00:00,15.4,15.4,13.4,87.84,0.7,100,rain,0,0,31.3,22.3,192,50,8.4,175,0.6,2,,"Rain, Partially cloudy",rain,"C0641,OJAM,LLBG,OJAI"
Ramallah,2025-11-15T08:00:00,16.8,16.8,13.4,80.3,0.3,100,rain,0,0,33.5,25.2,193,58.9,8.6,152,0.5,2,,"Rain, Partially cloudy",rain,"C0641,OJAM,LLBG,OJAI"
Ramallah,2025-11-15T09:00:00,17,17,13.4,79.08,0.3,100,rain,0,0,34.6,27.6,199,58.9,8.7,33,0.1,0,,"Rain, Partially cloudy",rain,"C0641,OJAM,LLBG,OJAI"
Ramallah,2025-11-15T10:00:00,18,18,14.1,78.04,0.9,100,rain,0,0,37.4,28.9,201,50,8.7,84,0.3,1,,"Rain, Partially cloudy",rain,"C0641,OJAM,LLBG,OJAI"
Ramallah,2025-11-15T11:00:00,17.9,17.9,14.9,82.59,1.1,100,rain,0,0,40.7,26.8,184,54.3,7.8,46,0.2,0,,"Rain, Partially cloudy",rain,"C0641,OJAM,LLBG,OJAI"
Ramallah,2025-11-15T12:00:00,19.5,19.5,15.8,78.87,1,100,rain,0,0,41,20.6,179,88,8.6,30,0.1,0,,"Rain, Partially cloudy",rain,"C0641,OJAM,LLBG,OJAI"
Ramallah,2025-11-15T13:00:00,21,21,13.4,61.83,0.7,100,rain,0,0,41.8,31.2,257,58.9,8.4,287,1,3,,"Rain, Partially cloudy",rain,"C0641,OJAM,LLBG,OJAI"
Ramallah,2025-11-15T14:00:00,19.5,19.5,15.1,75.67,0.8,100,rain,0,0,43.2,29.7,227,60.2,8.6,18,0.1,0,,"Rain, Partially cloudy",rain,"C0641,OJAM,LLBG,OJAI"
Ramallah,2025-11-15T15:00:00,20.3,20.3,14.4,68.68,0.4,100,rain,0,0,42.8,19.8,209,54.3,8.6,5,0,0,,"Rain, Partially cloudy",rain,"C0641,OJAM,LLBG,OJAI"
Ramallah,2025-11-15T16:00:00,21.1,21.1,12.5,57.94,0.2,0,rain,0,0,40.7,29.7,249,58.9,8.6,5,0,0,,Partially cloudy,partly-cloudy-day,"C0641,OJAM,LLBG,OJAI"
Ramallah,2025-11-15T17:00:00,20.1,20.1,12.7,62.58,0.4,100,rain,0,0,37.4,24.7,255,58.9,8.6,0,0,0,,"Rain, Partially cloudy",rain,"C0641,OJAM,LLBG,OJAI"
Ramallah,2025-11-15T18:00:00,20.1,20.1,12.6,62.09,0.2,0,rain,0,0,31.7,22.3,264,58.9,8.6,0,0,0,,Partially cloudy,partly-cloudy-night,"C0641,OJAM,LLBG,OJAI"
Ramallah,2025-11-15T19:00:00,19.2,19.2,13.4,68.97,0.3,100,rain,0,0,27.7,18.4,248,58.9,8.7,0,0,0,,"Rain, Partially cloudy",rain,"C0641,OJAM,LLBG,OJAI"
Ramallah,2025-11-15T20:00:00,19.2,19.2,13.3,68.46,0.3,100,rain,0,0,26.6,11.9,221,54.3,9,0,0,0,,"Rain, Partially cloudy",rain,"C0641,OJAM,LLBG,OJAI"
Ramallah,2025-11-15T21:00:00,19.2,19.2,13.9,71.43,0.1,0,rain,0,0,28.1,16.5,273,54.3,8.8,0,0,0,,Partially cloudy,partly-cloudy-night,"C0641,OJAM,LLBG,OJAI"
Ramallah,2025-11-15T22:00:00,17.8,17.8,13.3,74.82,0.4,100,rain,0,0,25.2,9.7,347,30.8,9,0,0,0,,"Rain, Partially cloudy",rain,"C0641,OJAM,LLBG,OJAI"
Ramallah,2025-11-15T23:00:00,16.8,16.8,14,83.74,0.4,100,rain,0,0,24.1,10.6,136,54.3,8.5,0,0,0,,"Rain, Partially cloudy",rain,"C0641,OJAM,LLBG,OJAI"
Ramallah,2025-11-16T00:00:00,16.7,16.7,14.8,88.67,0.4,100,rain,0,0,23,9.2,154,54.3,8.7,0,0,0,,"Rain, Partially cloudy",rain,"C0641,OJAM,LLBG,OJAI"
Ramallah,2025-11-16T01:00:00,15.9,15.9,13.9,87.92,0.3,100,rain,0,0,21.6,8.8,136,54.3,8.7,0,0,0,,"Rain, Partially cloudy",rain,"C0641,OJAM,LLBG,OJAI"
Ramallah,2025-11-16T02:00:00,16.7,16.7,13.9,83.73,0.3,100,rain,0,0,22,13.9,151,50,8.8,0,0,0,,"Rain, Partially cloudy",rain,"C0641,OJAM,LLBG,OJAI"
Ramallah,2025-11-16T03:00:00,15.9,15.9,14,88.6,0.2,0,rain,0,0,20.9,16.2,200,79.1,8.1,0,0,0,,Partially cloudy,partly-cloudy-night,"C0641,OJAM,LLBG,OJAI"
Ramallah,2025-11-16T04:00:00,15.9,15.9,14.8,93.1,0.1,0,rain,0,0,19.8,11.2,94,28.4,8.8,0,0,0,,Partially cloudy,partly-cloudy-night,"C0641,OJAM,LLBG,OJAI"
Ramallah,2025-11-16T05:00:00,15.9,15.9,13.9,87.95,0,0,,0,0,18.7,9.8,101,30.8,8.8,0,0,0,,Partially cloudy,partly-cloudy-night,"C0641,OJAM,LLBG,OJAI"
Ramallah,2025-11-16T06:00:00,15.9,15.9,14,88.6,0.1,0,rain,0,0,16.2,12.7,169,35.2,8.7,0,0,0,,Partially cloudy,partly-cloudy-night,"C0641,OJAM,LLBG,OJAI"
Ramallah,2025-11-16T07:00:00,16,16,14.1,88.61,0.1,0,rain,0,0,15.5,14.1,171,50,8.7,46,0.2,0,,Partially cloudy,partly-cloudy-day,"C0641,OJAM,LLBG,OJAI"
Ramallah,2025-11-16T08:00:00,17,17,14.2,83.74,0,0,,0,0,17.3,12.8,180,73.3,8.7,302,1.1,3,,Partially cloudy,partly-cloudy-day,"C0641,OJAM,LLBG,OJAI"
Ramallah,2025-11-16T09:00:00,18.8,18.8,14.2,74.93,0,0,,0,0,20.5,17.5,202,30.8,8.7,586,2.1,6,,Partially cloudy,partly-cloudy-day,"C0641,OJAM,LLBG,OJAI"
Ramallah,2025-11-16T10:00:00,19.5,19.5,14,70.36,0.1,0,rain,0,0,19.8,16.1,191,35.4,8.8,400,1.4,4,,Partially cloudy,partly-cloudy-day,"C0641,OJAM,LLBG,OJAI"
Ramallah,2025-11-16T11:00:00,20.5,20.5,14,66.14,0.3,100,rain,0,0,19.1,14.1,200,30.8,9,508,1.8,5,,"Rain, Partially cloudy",rain,"C0641,OJAM,LLBG,OJAI"
Ramallah,2025-11-16T12:00:00,20.8,20.8,13.9,64.66,0.2,0,rain,0,0,19.8,17.3,196,54.6,9,193,0.7,2,,Partially cloudy,partly-cloudy-day,"C0641,OJAM,LLBG,OJAI"
Ramallah,2025-11-16T13:00:00,20.8,20.8,13.7,63.71,0.1,0,rain,0,0,19.1,19,204,35.4,9,259,0.9,3,,Partially cloudy,partly-cloudy-day,"C0641,OJAM,LLBG,OJAI"
Ramallah,2025-11-16T14:00:00,21.7,21.7,13,57.85,0.2,0,rain,0,0,16.6,18.8,201,30.8,9,176,0.6,2,,Partially cloudy,partly-cloudy-day,"C0641,OJAM,LLBG,OJAI"
Ramallah,2025-11-16T15:00:00,21.7,21.7,13,57.88,0.1,0,rain,0,0,14.4,17.1,203,28,9,105,0.4,1,,Partially cloudy,partly-cloudy-day,"C0641,OJAM,LLBG,OJAI"
Ramallah,2025-11-16T16:00:00,20.7,20.7,13.1,62,0,0,,0,0,11.9,14.3,211,30.8,8.8,54,0.2,1,,Partially cloudy,partly-cloudy-day,"C0641,OJAM,LLBG,OJAI"
Ramallah,2025-11-16T17:00:00,19.5,19.5,13.2,66.97,0,0,,0,0,7.2,9.1,212,28,9,0,0,0,,Partially cloudy,partly-cloudy-night,"C0641,OJAM,LLBG,OJAI"
Ramallah,2025-11-16T18:00:00,18.7,18.7,14,74.36,0,0,,0,0,5.8,6.1,245,28,9.1,0,0,0,,Partially cloudy,partly-cloudy-night,"C0641,OJAM,LLBG,OJAI"
Ramallah,2025-11-16T19:00:00,18.4,18.4,13.9,74.87,0,0,,0,0,6.1,7.5,153,25,9.4,0,0,0,,Partially cloudy,partly-cloudy-night,"C0641,OJAM,LLBG,OJAI"
Ramallah,2025-11-16T20:00:00,18.3,18.3,13.4,72.87,0,0,,0,0,6.5,5,311,25,9.2,0,0,0,,Partially cloudy,partly-cloudy-night,"C0641,OJAM,LLBG,OJAI"
Ramallah,2025-11-16T21:00:00,16.7,16.7,13.4,80.88,0,0,,0,0,7.9,8,88,25,9.1,0,0,0,,Partially cloudy,partly-cloudy-night,"C0641,OJAM,LLBG,OJAI"
Ramallah,2025-11-16T22:00:00,15.8,15.8,13.4,85.55,0,0,,0,0,7.2,1.4,0,25,9.1,0,0,0,,Partially cloudy,partly-cloudy-night,"C0641,OJAM,LLBG,OJAI"
Ramallah,2025-11-16T23:00:00,15.7,15.7,13,84.24,0,0,,0,0,6.8,2.8,0,25,9.1,0,0,0,,Partially cloudy,partly-cloudy-night,"C0641,OJAM,LLBG,OJAI"
Ramallah,2025-11-17T00:00:00,16.4,16.4,12.4,76.89,0,0,,0,0,6.5,1.4,0,25,9,0,0,0,,Partially cloudy,partly-cloudy-night,"C0641,OJAM,LLBG,OJAI"
Ramallah,2025-11-17T01:00:00,15.4,15.4,12.1,80.68,0,0,,0,0,5.8,1.4,0,85,9,0,0,0,,Partially cloudy,partly-cloudy-night,"C0641,OJAM,LLBG,OJAI"
Ramallah,2025-11-17T02:00:00,14.7,14.7,12.1,84.79,0,0,,0,0,5.4,1.4,0,93.4,8.7,0,0,0,,Overcast,cloudy,"C0641,OJAM,LLBG,OJAI"
Ramallah,2025-11-17T03:00:00,14.7,14.7,11.4,80.61,0,0,,0,0,5.4,2.8,0,96.9,8.7,0,0,0,,Overcast,cloudy,"C0641,OJAM,LLBG,OJAI"
Ramallah,2025-11-17T04:00:00,13.8,13.8,11.2,84.69,0,0,,0,0,6.1,4.4,62,97,8.7,0,0,0,,Overcast,cloudy,"C0641,OJAM,LLBG,OJAI"
Ramallah,2025-11-17T05:00:00,13.8,13.8,11.1,84.06,0,0,,0,0,6.5,4.6,46,98.9,8.7,0,0,0,,Overcast,cloudy,"C0641,OJAM,LLBG,OJAI"
Ramallah,2025-11-17T06:00:00,14.4,14.4,11.1,80.58,0,0,,0,0,6.5,4.1,0,46.8,8.5,6,0,0,,Partially cloudy,partly-cloudy-night,"C0641,OJAM,LLBG,OJAI"
Ramallah,2025-11-17T07:00:00,14.5,14.5,11,79.39,0,0,,0,0,6.8,2.8,0,99.8,8.5,86,0.3,1,,Overcast,cloudy,"C0641,OJAM,LLBG,OJAI"
Ramallah,2025-11-17T08:00:00,17.3,17.3,12,71.08,0,0,,0,0,9.4,2.7,130,99.7,8.5,243,0.9,2,,Overcast,cloudy,"C0641,OJAM,LLBG,OJAI"
Ramallah,2025-11-17T09:00:00,19.3,19.3,11.8,61.71,0,0,,0,0,14,3.3,60,97.7,8.7,442,1.6,4,,Overcast,cloudy,"C0641,OJAM,LLBG,OJAI"
Ramallah,2025-11-17T10:00:00,20.4,20.4,10.9,54.32,0,0,,0,0,17.6,6.7,65,25,8.7,593,2.1,6,,Partially cloudy,partly-cloudy-day,"C0641,OJAM,LLBG,OJAI"
Ramallah,2025-11-17T11:00:00,22.3,22.3,10.9,48.39,0,0,,0,0,20.5,7.4,70,25,8.8,631,2.3,6,,Partially cloudy,partly-cloudy-day,"C0641,OJAM,LLBG,OJAI"
Ramallah,2025-11-17T12:00:00,23.4,23.4,9.5,41.14,0,0,,0,0,21.6,7.4,80,28.2,8.8,610,2.2,6,,Partially cloudy,partly-cloudy-day,"C0641,OJAM,LLBG,OJAI"
Ramallah,2025-11-17T13:00:00,23.8,23.8,12.4,48.99,0,0,,0,0,22.7,16.1,346,28.2,8.8,489,1.8,5,,Partially cloudy,partly-cloudy-day,"C0641,OJAM,LLBG,OJAI"
Ramallah,2025-11-17T14:00:00,23.9,23.9,10.8,43.63,0,0,,0,0,23,13.6,22,25,9.1,266,1,3,,Partially cloudy,partly-cloudy-day,"C0641,OJAM,LLBG,OJAI"
Ramallah,2025-11-17T15:00:00,23.9,23.9,11.7,46.28,0,0,,0,0,21.2,10,39,25,9,257,0.9,3,,Partially cloudy,partly-cloudy-day,"C0641,OJAM,LLBG,OJAI"
Ramallah,2025-11-17T16:00:00,23.9,23.9,10.8,43.64,0,0,,0,0,18.7,5.4,95,25,9,65,0.2,1,,Partially cloudy,partly-cloudy-day,"C0641,OJAM,LLBG,OJAI"
Ramallah,2025-11-17T17:00:00,23.3,23.3,8.5,38.74,0,0,,0,0,13.3,6.3,95,85.6,8.8,0,0,0,,Partially cloudy,partly-cloudy-night,"C0641,OJAM,LLBG,OJAI"
Ramallah,2025-11-17T18:00:00,20.8,20.8,10,50.12,0,0,,0,0,14,10.5,36,87.4,9,0,0,0,,Partially cloudy,partly-cloudy-night,"C0641,OJAM,LLBG,OJAI"
Ramallah,2025-11-17T19:00:00,19.9,19.9,10.8,55.69,0,0,,0,0,15.1,9.3,44,82.2,9.1,0,0,0,,Partially cloudy,partly-cloudy-night,"C0641,OJAM,LLBG,OJAI"
Ramallah,2025-11-17T20:00:00,19,19,10.7,58.35,0,0,,0,0,15.5,9.1,43,81,9.1,0,0,0,,Partially cloudy,partly-cloudy-night,"C0641,OJAM,LLBG,OJAI"
Ramallah,2025-11-17T21:00:00,17.9,17.9,10.4,61.66,0,0,,0,0,18.4,12.7,22,62.2,9,0,0,0,,Partially cloudy,partly-cloudy-night,"C0641,OJAM,LLBG,OJAI"
Ramallah,2025-11-17T22:00:00,18.5,18.5,9.9,57.13,0,0,,0,0,15.8,10.2,34,30.5,9,0,0,0,,Partially cloudy,partly-cloudy-night,"C0641,OJAM,LLBG,OJAI"
Ramallah,2025-11-17T23:00:00,18.1,18.1,9,55.46,0,0,,0,0,15.5,10.2,27,19.1,8.8,0,0,0,,Clear,clear-night,"C0641,OJAM,LLBG,OJAI"
Ramallah,2025-11-18T00:00:00,16.1,16.1,9.5,64.98,0,0,,0,0,15.5,7.8,100,6.8,9,0,0,0,,Clear,clear-night,"C0641,OJAM,LLBG,OJAI"
Ramallah,2025-11-18T01:00:00,15.5,15.5,10.4,71.89,0,0,,0,0,15.8,7.1,64,4.1,9,0,0,0,,Clear,clear-night,"C0641,OJAM,LLBG,OJAI"
Ramallah,2025-11-18T02:00:00,15.6,15.6,10.5,71.88,0,0,,0,0,16.6,7.5,125,2.4,9.1,0,0,0,,Clear,clear-night,"C0641,OJAM,LLBG,OJAI"
Ramallah,2025-11-18T03:00:00,15.4,15.4,10.7,73.55,0,0,,0,0,16.2,6,144,0.2,9.1,0,0,0,,Clear,clear-night,"C0641,OJAM,LLBG,OJAI"
Ramallah,2025-11-18T04:00:00,14.6,14.6,9.9,73.39,0,0,,0,0,15.1,4.9,120,0,9.1,0,0,0,,Clear,clear-night,"C0641,OJAM,LLBG,OJAI"
Ramallah,2025-11-18T05:00:00,13.4,13.4,9.8,78.9,0,0,,0,0,14.8,3.8,80,0,9.4,0,0,0,,Clear,clear-night,"C0641,OJAM,LLBG,OJAI"
Ramallah,2025-11-18T06:00:00,13.1,13.1,9.7,79.53,0,0,,0,0,14.8,3.1,39,25,9,2,0,0,,Partially cloudy,partly-cloudy-night,"C0641,OJAM,LLBG,OJAI"
Ramallah,2025-11-18T07:00:00,14.5,14.5,9.8,73.09,0,0,,0,0,14.8,5.6,80,37.8,8.8,81,0.3,1,,Partially cloudy,partly-cloudy-day,"C0641,OJAM,LLBG,OJAI"
Ramallah,2025-11-18T08:00:00,15.9,15.9,10.7,71.09,0,0,,0,0,16.9,2.9,60,25,8.8,246,0.9,2,,Partially cloudy,partly-cloudy-day,"C0641,OJAM,LLBG,OJAI"
Ramallah,2025-11-18T09:00:00,19.3,19.3,10.8,57.76,0,0,,0,0,20.2,4.8,65,0,8.8,447,1.6,4,,Clear,clear-day,"C0641,OJAM,LLBG,OJAI"
Ramallah,2025-11-18T10:00:00,22.1,22.1,9.2,43.97,0,0,,0,0,23.4,9.1,105,0,8.6,564,2,6,,Clear,clear-day,"C0641,OJAM,LLBG,OJAI"
Ramallah,2025-11-18T11:00:00,23.8,23.8,8.5,37.52,0,0,,0,0,24.8,7.2,79,0,8.6,618,2.2,6,,Clear,clear-day,"C0641,OJAM,LLBG,OJAI"
Ramallah,2025-11-18T12:00:00,24.8,24.8,8.6,35.61,0,0,,0,0,26.6,12.1,221,0,8.7,608,2.2,6,,Clear,clear-day,"C0641,OJAM,LLBG,OJAI"
Ramallah,2025-11-18T13:00:00,26.7,26.4,9.4,33.54,0,0,,0,0,26.3,7.5,95,0,8.8,528,1.9,5,,Clear,clear-day,"C0641,OJAM,LLBG,OJAI"
Ramallah,2025-11-18T14:00:00,26,26,7.7,31.38,0,0,,0,0,25.6,16.4,144,0,8.8,399,1.4,4,,Clear,clear-day,"C0641,OJAM,LLBG,OJAI"
Ramallah,2025-11-18T15:00:00,25.2,25.2,8.5,34.61,0,0,,0,0,24.1,17.8,112,0,8.8,221,0.8,2,,Clear,clear-day,"C0641,OJAM,LLBG,OJAI"
Ramallah,2025-11-18T16:00:00,25.1,25.1,8.4,34.56,0,0,,0,0,21.2,16,123,0,8.8,48,0.2,0,,Clear,clear-day,"C0641,OJAM,LLBG,OJAI"
Ramallah,2025-11-18T17:00:00,24.1,24.1,9.1,38.64,0,0,,0,0,15.5,10,101,0,9,0,0,0,,Clear,clear-night,"C0641,OJAM,LLBG,OJAI"
Ramallah,2025-11-18T18:00:00,22.2,22.2,9.5,44.32,0,0,,0,0,16.2,5.1,100,0,9,0,0,0,,Clear,clear-night,"C0641,OJAM,LLBG,OJAI"
Ramallah,2025-11-18T19:00:00,21.3,21.3,9.2,46.07,0,0,,0,0,16.9,8.3,55,0,9,0,0,0,,Clear,clear-night,"C0641,OJAM,LLBG,OJAI"
Ramallah,2025-11-18T20:00:00,20.6,20.6,9.1,47.89,0,0,,0,0,17.6,6.5,101,0,8.7,0,0,0,,Clear,clear-night,"C0641,OJAM,LLBG,OJAI"
Ramallah,2025-11-18T21:00:00,22.9,22.9,7.6,37.51,0,0,,0,0,19.8,6.9,81,0,8.7,0,0,0,,Clear,clear-night,"C0641,OJAM,LLBG,OJAI"
Ramallah,2025-11-18T22:00:00,22.6,22.6,7.4,37.44,0,0,,0,0,16.6,7.1,86,0,8.7,0,0,0,,Clear,clear-night,"C0641,OJAM,LLBG,OJAI"
Ramallah,2025-11-18T23:00:00,21.9,21.9,7.6,39.86,0,0,,0,0,16.6,15.2,84,0,7.2,0,0,0,,Clear,clear-night,"C0641,OJAM,LLBG,OJAI"
Ramallah,2025-11-19T00:00:00,20.9,20.9,7.1,41.03,0,0,,0,0,16.6,18.9,103,0,7.4,0,0,0,,Clear,clear-night,"C0641,OJAM,LLBG,OJAI"
Ramallah,2025-11-19T01:00:00,20.7,20.7,6.6,39.85,0,0,,0,0,50,26.9,112,0,9.1,0,0,0,,Clear,clear-night,"C0641,OJAM,LLBG,OJAI"
Ramallah,2025-11-19T02:00:00,20.7,20.7,5.5,36.9,0,0,,0,0,15.8,27.1,109,0,9.1,0,0,0,,Clear,clear-night,"C0641,OJAM,LLBG,OJAI"
Ramallah,2025-11-19T03:00:00,19.7,19.7,5.6,39.58,0,0,,0,0,15.1,11.1,73,0,9.1,0,0,0,,Clear,clear-night,"C0641,OJAM,LLBG,OJAI"
Ramallah,2025-11-19T04:00:00,19.5,19.5,5.6,40.17,0,0,,0,0,14.8,9.5,91,0,9,0,0,0,,Clear,clear-night,"C0641,OJAM,LLBG,OJAI"
Ramallah,2025-11-19T05:00:00,18.5,18.5,6.1,44.37,0,0,,0,0,14.8,6,65,0,9,0,0,0,,Clear,clear-night,"C0641,OJAM,LLBG,OJAI"
Ramallah,2025-11-19T06:00:00,19.9,19.9,5.5,38.84,0,0,,0,0,14.8,9.3,79,0,9,0,0,0,,Clear,clear-night,"C0641,OJAM,LLBG,OJAI"
Ramallah,2025-11-19T07:00:00,20,20,5.2,37.93,0,0,,0,0,14.8,9.3,100,0,8.7,80,0.3,1,,Clear,clear-day,"C0641,OJAM,LLBG,OJAI"
Ramallah,2025-11-19T08:00:00,21.3,21.3,5.5,35.73,0,0,,0,0,17.6,15.3,97,0,8.7,240,0.9,2,,Clear,clear-day,"C0641,OJAM,LLBG,OJAI"
Ramallah,2025-11-19T09:00:00,22.4,22.4,5.4,33.1,0,0,,0,0,20.2,20.3,91,0,8.7,450,1.6,5,,Clear,clear-day,"C0641,OJAM,LLBG,OJAI"
Ramallah,2025-11-19T10:00:00,24.4,24.4,5.2,29.11,0,0,,0,0,23,21.6,88,0,8.7,558,2,6,,Clear,clear-day,"C0641,OJAM,LLBG,OJAI"
Ramallah,2025-11-19T11:00:00,25.6,25.6,5.2,27.03,0,0,,0,0,24.1,16.2,94,0,8.7,618,2.2,6,,Clear,clear-day,"C0641,OJAM,LLBG,OJAI"
Ramallah,2025-11-19T12:00:00,26.6,26.6,5.1,25.28,0,0,,0,0,24.1,18,106,0,8.7,605,2.2,6,,Clear,clear-day,"C0641,OJAM,LLBG,OJAI"
Ramallah,2025-11-19T13:00:00,26.8,26.2,5.5,25.55,0,0,,0,0,25.2,16.8,101,0,8.7,520,1.9,5,,Clear,clear-day,"C0641,OJAM,LLBG,OJAI"
Ramallah,2025-11-19T14:00:00,27.8,26.7,5.2,23.71,0,0,,0,0,24.1,17.3,114,0,9,400,1.4,4,,Clear,clear-day,"C0641,OJAM,LLBG,OJAI"
Ramallah,2025-11-19T15:00:00,27,26.2,5.4,25.16,0,0,,0,0,22,16.1,118,0,9,235,0.8,2,,Clear,clear-day,"C0641,OJAM,LLBG,OJAI"
Ramallah,2025-11-19T16:00:00,27,26.2,5.4,25.17,0,0,,0,0,16.6,13.6,112,0,8.8,43,0.2,0,,Clear,clear-day,"C0641,OJAM,LLBG,OJAI"
Ramallah,2025-11-19T17:00:00,25.1,25.1,5.4,28.13,0,0,,0,0,14,13.2,101,1.4,8.8,0,0,0,,Clear,clear-night,"C0641,OJAM,LLBG,OJAI"
Ramallah,2025-11-19T18:00:00,24,24,5.4,30.1,0,0,,0,0,14.4,8.5,50,5.2,8.8,0,0,0,,Clear,clear-night,"C0641,OJAM,LLBG,OJAI"
Ramallah,2025-11-19T19:00:00,22.3,22.3,6.4,35.61,0,0,,0,0,14.4,7.9,7,7,8.7,0,0,0,,Clear,clear-night,"C0641,OJAM,LLBG,OJAI"
Ramallah,2025-11-19T20:00:00,21.3,21.3,5.5,35.64,0,0,,0,0,14.4,9.9,25,4.7,8.5,0,0,0,,Clear,clear-night,"C0641,OJAM,LLBG,OJAI"
Ramallah,2025-11-19T21:00:00,21.2,21.2,5.6,36.17,0,0,,0,0,15.8,10.6,30,1.8,8.5,0,0,0,,Clear,clear-night,"C0641,OJAM,LLBG,OJAI"
Ramallah,2025-11-19T22:00:00,20.2,20.2,6.3,40.24,0,0,,0,0,14.4,3.1,34,0.7,8.5,0,0,0,,Clear,clear-night,"C0641,OJAM,LLBG,OJAI"
Ramallah,2025-11-19T23:00:00,19.4,19.4,7,44.46,0,0,,0,0,14.4,4.8,34,0,8.6,0,0,0,,Clear,clear-night,"C0641,OJAM,LLBG,OJAI"
Ramallah,2025-11-20T00:00:00,17,17,8.7,57.86,0,0,,0,0,14.8,4.8,34,0,8.6,0,0,0,,Clear,clear-night,"C0641,OJAM,LLBG,OJAI"
Ramallah,2025-11-20T01:00:00,16.9,16.9,7.5,54.01,0,0,,0,0,14.8,6.2,34,0,8.8,0,0,0,,Clear,clear-night,"C0641,OJAM,LLBG,OJAI"
Ramallah,2025-11-20T02:00:00,17,17,7.3,52.8,0,0,,0,0,14.4,6.9,59,0,9,0,0,0,,Clear,clear-night,"C0641,OJAM,LLBG,OJAI"
Ramallah,2025-11-20T03:00:00,16.9,16.9,7.3,53.2,0,0,,0,0,14,4.4,75,0,9,0,0,0,,Clear,clear-night,"C0641,OJAM,LLBG,OJAI"
Ramallah,2025-11-20T04:00:00,16.9,16.9,8.2,56.49,0,0,,0,0,13.7,7.3,85,0,9,0,0,0,,Clear,clear-night,"C0641,OJAM,LLBG,OJAI"
Ramallah,2025-11-20T05:00:00,16.4,16.4,7.3,54.81,0,0,,0,0,13.3,4.8,75,0,9,0,0,0,,Clear,clear-night,"C0641,OJAM,LLBG,OJAI"
Ramallah,2025-11-20T06:00:00,18.7,18.7,6.7,45.35,0,0,,0,0,13.3,8.5,79,0,8.7,0,0,0,,Clear,clear-night,"C0641,OJAM,LLBG,OJAI"
Ramallah,2025-11-20T07:00:00,15.5,15.5,7.4,58.47,0,0,,0,0,12.6,5.7,55,0,8.5,77,0.3,1,,Clear,clear-day,"C0641,OJAM,LLBG,OJAI"
Ramallah,2025-11-20T08:00:00,17.7,17.7,7.3,50.69,0,0,,0,0,14.8,4.6,70,0,8.7,222,0.8,2,,Clear,clear-day,"C0641,OJAM,LLBG,OJAI"
Ramallah,2025-11-20T09:00:00,21.2,21.2,7.3,40.69,0,0,,0,0,16.9,6.4,75,0,8.7,446,1.6,4,,Clear,clear-day,"C0641,OJAM,LLBG,OJAI"
Ramallah,2025-11-20T10:00:00,24.8,24.8,5.9,29.6,0,0,,0,0,19.8,8,70,0.4,8.7,550,2,6,,Clear,clear-day,"C0641,OJAM,LLBG,OJAI"
Ramallah,2025-11-20T11:00:00,26.7,26.1,5.9,26.48,0,0,,0,0,20.5,10.4,19,1.8,8.7,618,2.2,6,,Clear,clear-day,"C0641,OJAM,LLBG,OJAI"
Ramallah,2025-11-20T12:00:00,28.6,27.3,5.8,23.53,0,0,,0,0,20.5,9.7,338,0,8.7,608,2.2,6,,Clear,clear-day,"C0641,OJAM,LLBG,OJAI"
Ramallah,2025-11-20T13:00:00,28,27.1,8.8,30.13,0,0,,0,0,20.2,16.6,323,0,8.7,537,1.9,5,,Clear,clear-day,"C0641,OJAM,LLBG,OJAI"
Ramallah,2025-11-20T14:00:00,28.5,27.5,9.1,29.59,0,0,,0,0,19.4,15.5,324,0,8.8,483,1.7,5,,Clear,clear-day,"C0641,OJAM,LLBG,OJAI"
Ramallah,2025-11-20T15:00:00,28.4,27.3,7.5,26.85,0,0,,0,0,17.6,13.4,319,0,9,233,0.8,2,,Clear,clear-day,"C0641,OJAM,LLBG,OJAI"
Ramallah,2025-11-20T16:00:00,28.3,27.3,9.1,29.99,0,0,,0,0,13.7,7.4,91,0,9,43,0.2,0,,Clear,clear-day,"C0641,OJAM,LLBG,OJAI"
Ramallah,2025-11-20T17:00:00,26.3,26.3,9.3,34.27,0,0,,0,0,11.5,9.5,244,0,9,0,0,0,,Clear,clear-night,"C0641,OJAM,LLBG,OJAI"
Ramallah,2025-11-20T18:00:00,25.8,25.8,5.4,26.91,0,0,,0,0,10.8,7.9,121,0,9.1,0,0,0,,Clear,clear-night,"C0641,OJAM,LLBG,OJAI"
Ramallah,2025-11-20T19:00:00,22.7,22.7,7.8,38.46,0,0,,0,0,11.5,6.2,24,0,9.1,0,0,0,,Clear,clear-night,"C0641,OJAM,LLBG,OJAI"
Ramallah,2025-11-20T20:00:00,20.9,20.9,7.6,42.15,0,0,,0,0,11.9,6.5,29,0,9,0,0,0,,Clear,clear-night,"C0641,OJAM,LLBG,OJAI"
Ramallah,2025-11-20T21:00:00,19.9,19.9,8.6,47.98,0,0,,0,0,13.7,3.6,49,0,9,0,0,0,,Clear,clear-night,"C0641,OJAM,LLBG,OJAI"
Ramallah,2025-11-20T22:00:00,19,19,8.7,51.11,0,0,,0,0,13.3,3.1,132,0,8.8,0,0,0,,Clear,clear-night,"C0641,OJAM,LLBG,OJAI"
Ramallah,2025-11-20T23:00:00,18.9,18.9,7.1,46.38,0,0,,0,0,13.7,4.9,147,0,8.8,0,0,0,,Clear,clear-night,"C0641,OJAM,LLBG,OJAI"
Ramallah,2025-11-21T00:00:00,18,18,8.6,53.98,0,0,,0,0,14,4.2,29,0,8.8,0,0,0,,Clear,clear-night,"C0641,OJAM,LLBG,OJAI"
Ramallah,2025-11-21T01:00:00,17.2,17.2,8.4,56.19,0,0,,0,0,13.7,4.2,29,0,9,0,0,0,,Clear,clear-night,"C0641,OJAM,LLBG,OJAI"
Ramallah,2025-11-21T02:00:00,17.2,17.2,7.8,53.73,0,0,,0,0,13,5.1,34,0,9,0,0,0,,Clear,clear-night,"C0641,OJAM,LLBG,OJAI"
Ramallah,2025-11-21T03:00:00,15.5,15.5,7.7,59.66,0,0,,0,0,12.2,3.7,29,0,9,0,0,0,,Clear,clear-night,"C0641,OJAM,LLBG,OJAI"
Ramallah,2025-11-21T04:00:00,15.2,15.2,7.8,61.06,0,0,,0,0,12.2,5.5,29,0,9,0,0,0,,Clear,clear-night,"C0641,OJAM,LLBG,OJAI"
Ramallah,2025-11-21T05:00:00,14.4,14.4,7.6,63.63,0,0,,0,0,12.2,7.3,86,0,8.8,0,0,0,,Clear,clear-night,"C0641,OJAM,LLBG,OJAI"
Ramallah,2025-11-21T06:00:00,16.5,16.5,6.9,52.92,0,0,,0,0,11.9,9.7,111,0,8.7,0,0,0,,Clear,clear-night,"C0641,OJAM,LLBG,OJAI"
Ramallah,2025-11-21T07:00:00,17.2,17.2,6.1,48.18,0,0,,0,0,11.5,3.7,24,0,8.7,73,0.3,1,,Clear,clear-day,"C0641,OJAM,LLBG,OJAI"
Ramallah,2025-11-21T08:00:00,18.4,18.4,7.6,49.14,0,0,,0,0,13.3,3.9,24,0,8.8,238,0.9,2,,Clear,clear-day,"C0641,OJAM,LLBG,OJAI"
Ramallah,2025-11-21T09:00:00,23,23,8.8,40.55,0,0,,0,0,15.5,5.5,29,0,8.8,458,1.6,5,,Clear,clear-day,"C0641,OJAM,LLBG,OJAI"
Ramallah,2025-11-21T10:00:00,27.4,26.7,8.2,29.83,0,0,,0,0,18.4,9.4,19,0,8.8,565,2,6,,Clear,clear-day,"C0641,OJAM,LLBG,OJAI"
Ramallah,2025-11-21T11:00:00,30.1,28.5,6.9,23.27,0,0,,0,0,20.2,10.6,24,0,9,622,2.2,6,,Clear,clear-day,"C0641,OJAM,LLBG,OJAI"
Ramallah,2025-11-21T12:00:00,32.7,30.4,2.9,15.29,0,0,,0,0,20.5,19.2,115,0,9,614,2.2,6,,Clear,clear-day,"C0641,OJAM,LLBG,OJAI"
Ramallah,2025-11-21T13:00:00,33.1,30.7,0.8,12.75,0,0,,0,0,20.5,12.7,121,0,9,540,1.9,5,,Clear,clear-day,"C0641,OJAM,LLBG,OJAI"
Ramallah,2025-11-21T14:00:00,31.2,29.6,9.6,26.32,0,0,,0,0,20.2,11.8,185,0,9,419,1.5,4,,Clear,clear-day,"C0641,OJAM,LLBG,OJAI"
Ramallah,2025-11-21T15:00:00,31.3,29.6,8.2,23.77,0,0,,0,0,18.4,19.9,116,0,9,237,0.9,2,,Clear,clear-day,"C0641,OJAM,LLBG,OJAI"
Ramallah,2025-11-21T16:00:00,31.8,29.7,2.1,15.05,0,0,,0,0,14.4,15.7,114,0,8.8,38,0.1,0,,Clear,clear-day,"C0641,OJAM,LLBG,OJAI"
Ramallah,2025-11-21T17:00:00,28.8,27.3,2.8,18.89,0,0,,0,0,14.8,14.3,104,0,8.8,0,0,0,,Clear,clear-night,"C0641,OJAM,LLBG,OJAI"
Ramallah,2025-11-21T18:00:00,26,26,3,22.55,0,0,,0,0,15.5,17.8,97,0,9,0,0,0,,Clear,clear-night,"C0641,OJAM,LLBG,OJAI"
Ramallah,2025-11-21T19:00:00,25,25,3,23.93,0,0,,0,0,16.9,5.1,29,0,8.8,0,0,0,,Clear,clear-night,"C0641,OJAM,LLBG,OJAI"
Ramallah,2025-11-21T20:00:00,23.3,23.3,4.5,29.42,0,0,,0,0,17.6,5.3,328,0,9,0,0,0,,Clear,clear-night,"C0641,OJAM,LLBG,OJAI"
Ramallah,2025-11-21T21:00:00,21.7,21.7,5.4,34.6,0,0,,0,0,19.4,3.3,343,0,9,0,0,0,,Clear,clear-night,"C0641,OJAM,LLBG,OJAI"
Ramallah,2025-11-21T22:00:00,24.1,24.1,2.7,24.8,0,0,,0,0,16.9,14.7,103,0,9,0,0,0,,Clear,clear-night,"C0641,OJAM,LLBG,OJAI"
Ramallah,2025-11-21T23:00:00,22.7,22.7,2.7,27,0,0,,0,0,16.2,4.5,115,0,9,0,0,0,,Clear,clear-night,"C0641,OJAM,LLBG,OJAI"
Ramallah,2025-11-22T00:00:00,24.1,24.1,2.7,24.8,0,0,,0,0,15.8,11.2,115,0,9,0,0,0,,Clear,clear-night,"C0641,OJAM,LLBG,OJAI"
Ramallah,2025-11-22T01:00:00,23.6,23.6,3,25.94,0,0,,0,0,15.5,12.6,107,0,9,0,0,0,,Clear,clear-night,"C0641,OJAM,LLBG,OJAI"
Ramallah,2025-11-22T02:00:00,21.1,21.1,4.4,33.44,0,0,,0,0,14.8,10.8,117,0,9,0,0,0,,Clear,clear-night,"C0641,OJAM,LLBG,OJAI"
Ramallah,2025-11-22T03:00:00,22.5,22.5,3,27.76,0,0,,0,0,14,13,117,0,9,0,0,0,,Clear,clear-night,"C0641,OJAM,LLBG,OJAI"
Ramallah,2025-11-22T04:00:00,21.6,21.6,3,29.3,0,0,,0,0,13.7,12.3,124,0,9,0,0,0,,Clear,clear-night,"C0641,OJAM,LLBG,OJAI"
Ramallah,2025-11-22T05:00:00,20.6,20.6,3.6,32.61,0,0,,0,0,13.3,13.2,125,0,9,0,0,0,,Clear,clear-night,"C0641,OJAM,LLBG,OJAI"
Ramallah,2025-11-22T06:00:00,21.4,21.4,3.6,31.12,0,0,,0,0,13.3,13.4,120,0,9,0,0,0,,Clear,clear-night,"C0641,OJAM,LLBG,OJAI"
Ramallah,2025-11-22T07:00:00,22.8,22.8,3,27.28,0,0,,0,0,13,9.3,98,0,8.8,87,0.3,1,,Clear,clear-day,"C0641,OJAM,LLBG,OJAI"
Ramallah,2025-11-22T08:00:00,24.9,24.9,3.1,24.21,0,0,,0,0,14.8,13.6,116,0,8.7,246,0.9,2,,Clear,clear-day,"C0641,OJAM,LLBG,OJAI"
Ramallah,2025-11-22T09:00:00,27.8,26.6,3,20.25,0,0,,0,0,16.6,17.1,106,0,8.7,453,1.6,5,,Clear,clear-day,"C0641,OJAM,LLBG,OJAI"
Ramallah,2025-11-22T10:00:00,29.1,27.5,2.2,17.73,0,0,,0,0,19.4,22.1,108,0,8.8,571,2.1,6,,Clear,clear-day,"C0641,OJAM,LLBG,OJAI"
Ramallah,2025-11-22T11:00:00,30.1,28.3,2.2,16.74,0,0,,0,0,21.6,23.3,116,0,9,630,2.3,6,,Clear,clear-day,"C0641,OJAM,LLBG,OJAI"
Ramallah,2025-11-22T12:00:00,30.7,28.7,1.3,15.19,0,0,,0,0,23,22.4,108,0,9,621,2.2,6,,Clear,clear-day,"C0641,OJAM,LLBG,OJAI"
Ramallah,2025-11-22T13:00:00,31,28.9,2.2,15.96,0,0,,0,0,24.1,21.4,99,0,9,547,2,5,,Clear,clear-day,"C0641,OJAM,LLBG,OJAI"
Ramallah,2025-11-22T14:00:00,31.4,29.3,2.6,16.03,0,0,,0,0,25.6,19.8,110,0,9,419,1.5,4,,Clear,clear-day,"C0641,OJAM,LLBG,OJAI"
Ramallah,2025-11-22T15:00:00,31.3,29.2,2.7,16.28,0,0,,0,0,24.1,21.2,108,0,9,241,0.9,2,,Clear,clear-day,"C0641,OJAM,LLBG,OJAI"
Ramallah,2025-11-22T16:00:00,30.3,28.4,3.5,18.19,0,0,,0,0,17.3,16.8,114,0,8.8,51,0.2,1,,Clear,clear-day,"C0641,OJAM,LLBG,OJAI"
Ramallah,2025-11-22T17:00:00,29.1,27.5,3.4,19.4,0,0,,0,0,14.8,11.8,99,0,8.8,0,0,0,,Clear,clear-night,"C0641,OJAM,LLBG,OJAI"
Ramallah,2025-11-22T18:00:00,25.4,25.4,4.7,26.37,0,0,,0,0,14.8,11.5,80,0,9,0,0,0,,Clear,clear-night,"C0641,OJAM,LLBG,OJAI"
Ramallah,2025-11-22T19:00:00,24.7,24.7,5.5,29.11,0,0,,0,0,16.9,14.7,96,0,9,0,0,0,,Clear,clear-night,"C0641,OJAM,LLBG,OJAI"
Ramallah,2025-11-22T20:00:00,23.8,23.8,4.4,28.33,0,0,,0,0,19.1,14.5,95,0,9.1,0,0,0,,Clear,clear-night,"C0641,OJAM,LLBG,OJAI"
Ramallah,2025-11-22T21:00:00,25.9,25.9,1.5,20.49,0,0,,0,0,23,20.1,104,0,9.1,0,0,0,,Clear,clear-night,"C0641,OJAM,LLBG,OJAI"
Ramallah,2025-11-22T22:00:00,25.7,25.7,1.8,21,0,0,,0,0,18.7,23.8,113,0,9.1,0,0,0,,Clear,clear-night,"C0641,OJAM,LLBG,OJAI"
Ramallah,2025-11-22T23:00:00,24.7,24.7,2.5,23.52,0,0,,0,0,18,21,95,0,9.1,0,0,0,,Clear,clear-night,"C0641,OJAM,LLBG,OJAI"
Ramallah,2025-11-23T00:00:00,23.8,23.8,2.4,24.6,0,0,,0,0,17.6,19.2,102,0,9.1,0,0,0,,Clear,clear-night,"C0641,OJAM,LLBG,OJAI"
Ramallah,2025-11-23T01:00:00,24.9,24.9,1.9,22.36,0,0,,0,0,17.3,20.1,110,0,9.1,0,0,0,,Clear,clear-night,"C0641,OJAM,LLBG,OJAI"
Ramallah,2025-11-23T02:00:00,23.7,23.7,1.6,23.37,0,0,,0,0,16.9,18.7,105,0,9.1,0,0,0,,Clear,clear-night,"C0641,OJAM,LLBG,OJAI"
Ramallah,2025-11-23T03:00:00,24.5,24.5,1.5,22.09,0,0,,0,0,16.6,18.4,100,0,9.4,0,0,0,,Clear,clear-night,"C0641,LLBG,OJAI"
Ramallah,2025-11-23T04:00:00,22.5,22.5,0.9,24.04,0,0,,0,0,15.8,15.6,87,0,9.1,0,0,0,,Clear,clear-night,"C0641,OJAM,LLBG,OJAI"
Ramallah,2025-11-23T05:00:00,22.3,22.3,-0.2,22.53,0,0,,0,0,15.5,21.1,112,0,9,0,0,0,,Clear,clear-night,"C0641,OJAM,LLBG,OJAI"
Ramallah,2025-11-23T06:00:00,22.9,22.9,-0.6,20.94,0,0,,0,0,15.1,17.5,98,0,8.7,0,0,0,,Clear,clear-night,"C0641,OJAM,LLBG,OJAI"
Ramallah,2025-11-23T07:00:00,22.9,22.9,-0.4,21.3,0,0,,0,0,15.1,18.4,105,0,9.2,65,0.2,1,,Clear,clear-day,"C0641,OJAM,LLBG,OJAI"
Ramallah,2025-11-23T08:00:00,25.1,25.1,0,19.09,0,0,,0,0,16.2,23.2,123,0,9.1,230,0.8,2,,Clear,clear-day,"C0641,OJAM,LLBG,OJAI"
Ramallah,2025-11-23T09:00:00,26.5,26.5,-1,16.4,0,0,,0,0,19.4,26.7,116,0,8.6,448,1.6,4,,Clear,clear-day,"C0641,OJAM,LLBG,OJAI"
Ramallah,2025-11-23T10:00:00,28.4,26.9,-0.6,15.19,0,0,,0,0,22.3,28.6,114,0,8.6,564,2,6,,Clear,clear-day,"C0641,OJAM,LLBG,OJAI"
Ramallah,2025-11-23T11:00:00,29.1,27.4,-0.5,14.71,0,0,,0,0,24.1,25.7,124,12.7,8.7,622,2.2,6,,Clear,clear-day,"C0641,OJAM,LLBG,OJAI"
Ramallah,2025-11-23T12:00:00,29.2,27.5,-0.4,14.66,0,0,,0,0,26.6,26.4,122,3.7,8.7,614,2.2,6,,Clear,clear-day,"C0641,OJAM,LLBG,OJAI"
Ramallah,2025-11-23T13:00:00,30.2,28.3,-0.7,13.6,0,0,,0,0,27,21.8,122,0.7,8.7,538,1.9,5,,Clear,clear-day,"C0641,OJAM,LLBG,OJAI"
Ramallah,2025-11-23T14:00:00,30.3,28.4,-0.5,13.63,0,0,,0,0,25.9,22.6,116,0.5,9.1,414,1.5,4,,Clear,clear-day,"C0641,OJAM,LLBG,OJAI"
Ramallah,2025-11-23T15:00:00,30.3,28.4,-0.5,13.63,0,0,,0,0,22.3,19.8,115,0.2,9.1,237,0.9,2,,Clear,clear-day,"C0641,OJAM,LLBG,OJAI"
Ramallah,2025-11-23T16:00:00,29.3,27.6,-0.1,14.94,0,0,,0,0,16.2,16.4,121,0,9,46,0.2,0,,Clear,clear-day,"C0641,OJAM,LLBG,OJAI"
Ramallah,2025-11-23T17:00:00,26.9,25.9,-0.5,16.68,0,0,,0,0,11.9,13.2,114,0,9,0,0,0,,Clear,clear-night,"C0641,OJAM,LLBG,OJAI"
Ramallah,2025-11-23T18:00:00,25.7,25.7,0,18.43,0,0,,0,0,9.7,5.8,39,0,9.1,0,0,0,,Clear,clear-night,"C0641,OJAM,LLBG,OJAI"
Ramallah,2025-11-23T19:00:00,23.2,23.2,0.5,22.3,0,0,,0,0,7.9,6.7,39,0,9.1,0,0,0,,Clear,clear-night,"C0641,OJAM,LLBG,OJAI"
Ramallah,2025-11-23T20:00:00,22.4,22.4,1.2,24.68,0,0,,0,0,9.4,4.8,126,0.5,9,0,0,0,,Clear,clear-night,"C0641,OJAM,LLBG,OJAI"
Ramallah,2025-11-23T21:00:00,21.6,21.6,1.2,26.03,0,0,,0,0,14.8,9.2,91,10.2,9.1,0,0,0,,Clear,clear-night,"C0641,OJAM,LLBG,OJAI"
Ramallah,2025-11-23T22:00:00,21.3,21.3,1,25.97,0,0,,0,0,14.4,5.1,90,37.1,9.1,0,0,0,,Partially cloudy,partly-cloudy-night,"C0641,OJAM,LLBG,OJAI"
Ramallah,2025-11-23T23:00:00,22,22,0.2,23.62,0,0,,0,0,13.7,5.3,54,59.4,9.1,0,0,0,,Partially cloudy,partly-cloudy-night,"C0641,OJAM,LLBG,OJAI"
Ramallah,2025-11-24T00:00:00,18.9,18.9,1.8,31.87,0,0,,0,0,12.2,2.5,13,48.9,9.2,0,0,0,,Partially cloudy,partly-cloudy-night,"C0641,OJAM,LLBG,OJAI"
Ramallah,2025-11-24T01:00:00,19.7,19.7,1.1,29.01,0,0,,0,0,10.8,5.1,54,47.5,9.2,0,0,0,,Partially cloudy,partly-cloudy-night,"C0641,OJAM,LLBG,OJAI"
Ramallah,2025-11-24T02:00:00,17.7,17.7,3.4,38.72,0,0,,0,0,10.1,5.3,85,58.7,9.2,0,0,0,,Partially cloudy,partly-cloudy-night,"C0641,OJAM,LLBG,OJAI"
Ramallah,2025-11-24T03:00:00,17.5,17.5,2.9,37.57,0,0,,0,0,9.7,1.7,10,49.8,9.2,0,0,0,,Partially cloudy,partly-cloudy-night,"C0641,OJAM,LLBG,OJAI"
Ramallah,2025-11-24T04:00:00,16.7,16.7,2.8,39.39,0,0,,0,0,9.4,3.7,95,58.8,9.2,0,0,0,,Partially cloudy,partly-cloudy-night,"C0641,OJAM,LLBG,OJAI"
Ramallah,2025-11-24T05:00:00,16.3,16.3,2.7,39.96,0,0,,0,0,8.6,3.7,81,70.5,9.1,0,0,0,,Partially cloudy,partly-cloudy-night,"C0641,OJAM,LLBG,OJAI"
Ramallah,2025-11-24T06:00:00,16.3,16.3,2.7,39.94,0,0,,0,0,7.9,3.7,86,60.5,8.7,4,0,0,,Partially cloudy,partly-cloudy-night,"C0641,OJAM,LLBG,OJAI"
Ramallah,2025-11-24T07:00:00,19.5,19.5,1,29.06,0,0,,0,0,8.3,4.9,75,50,8.6,31,0.1,0,,Partially cloudy,partly-cloudy-day,"C0641,OJAM,LLBG,OJAI"
Ramallah,2025-11-24T08:00:00,19.1,19.1,3.6,35.75,0,0,,0,0,9,4.4,29,29.4,8.6,238,0.9,2,,Partially cloudy,partly-cloudy-day,"C0641,OJAM,LLBG,OJAI"
Ramallah,2025-11-24T09:00:00,21.8,21.8,2.3,27.63,0,0,,0,0,12.6,5.1,65,12.2,8.6,430,1.5,4,,Clear,clear-day,"C0641,OJAM,LLBG,OJAI"
Ramallah,2025-11-24T10:00:00,24.7,24.7,1.9,22.52,0,0,,0,0,15.8,5.5,55,7.6,8.6,536,1.9,5,,Clear,clear-day,"C0641,OJAM,LLBG,OJAI"
Ramallah,2025-11-24T11:00:00,26.7,26,2.8,21.29,0,0,,0,0,17.6,7.1,65,3.9,8.6,589,2.1,6,,Clear,clear-day,"C0641,OJAM,LLBG,OJAI"
Ramallah,2025-11-24T12:00:00,27.8,26.6,2.7,19.78,0,0,,0,0,18.4,12.5,281,33.3,8.7,571,2.1,6,,Partially cloudy,partly-cloudy-day,"C0641,OJAM,LLBG,OJAI"
Ramallah,2025-11-24T13:00:00,26.7,26.7,5.1,25.12,0,0,,0,0,18.7,21.1,304,48.3,8.7,524,1.9,5,,Partially cloudy,partly-cloudy-day,"C0641,OJAM,LLBG,OJAI"
Ramallah,2025-11-24T14:00:00,26.1,26.1,9,33.96,0,0,,0,0,17.3,18.5,289,51,8.8,369,1.3,4,,Partially cloudy,partly-cloudy-day,"C0641,OJAM,LLBG,OJAI"
Ramallah,2025-11-24T15:00:00,24.6,24.6,12.1,45.62,0,0,,0,0,13,13.9,296,39.7,8.8,209,0.8,2,,Partially cloudy,partly-cloudy-day,"C0641,OJAM,LLBG,OJAI"
Ramallah,2025-11-24T16:00:00,24.4,24.4,12.4,47.33,0,0,,0,0,8.3,13.9,296,54.9,8.7,37,0.1,0,,Partially cloudy,partly-cloudy-day,"C0641,OJAM,LLBG,OJAI"
Ramallah,2025-11-24T17:00:00,23.2,23.2,12.1,49.54,0,0,,0,0,10.8,12,191,40.5,5.6,0,0,0,,Partially cloudy,partly-cloudy-night,"C0641,OJAM,LLBG,OJAI"
Ramallah,2025-11-24T18:00:00,22.1,22.1,13.3,57.44,0,0,,0,0,11.9,11.6,244,48.3,7.3,0,0,0,,Partially cloudy,partly-cloudy-night,"C0641,OJAM,LLBG,OJAI"
Ramallah,2025-11-24T19:00:00,21.9,21.9,14.6,63.41,0,0,,0,0,13.3,13.4,156,66.5,7.3,0,0,0,,Partially cloudy,partly-cloudy-night,"C0641,OJAM,LLBG,OJAI"
Ramallah,2025-11-24T20:00:00,21.4,21.4,14.3,63.78,0,0,,0,0,14,11.8,182,50,8.1,0,0,0,,Partially cloudy,partly-cloudy-night,"C0641,OJAM,LLBG,OJAI"
Ramallah,2025-11-24T21:00:00,21.5,21.5,14.5,64.3,0,0,,0,0,14.8,14.2,207,88,8.1,0,0,0,,Partially cloudy,partly-cloudy-night,"C0641,OJAM,LLBG,OJAI"
Ramallah,2025-11-24T22:00:00,20.6,20.6,14.6,68.85,0.1,0,rain,0,0,15.1,12.3,105,88,8.2,0,0,0,,Partially cloudy,partly-cloudy-night,"C0641,OJAM,LLBG,OJAI"
Ramallah,2025-11-24T23:00:00,20.7,20.7,14.6,68.34,0.1,0,rain,0,0,15.5,11.8,184,88,8.2,0,0,0,,Partially cloudy,partly-cloudy-night,"C0641,OJAM,LLBG,OJAI"
Ramallah,2025-11-25T00:00:00,20.7,20.7,14.6,68.34,0.1,0,rain,0,0,14,12.7,202,88,8.2,0,0,0,,Partially cloudy,partly-cloudy-night,"C0641,OJAM,LLBG,OJAI"
Ramallah,2025-11-25T01:00:00,20.7,20.7,16,74.6,0.3,100,rain,0,0,13.7,11.8,177,88,9,0,0,0,,"Rain, Partially cloudy",rain,"C0641,OJAM,LLBG,OJAI"
Ramallah,2025-11-25T02:00:00,19.7,19.7,16.7,82.99,0.6,100,rain,0,0,14,10.5,219,50,8.2,0,0,0,,"Rain, Partially cloudy",rain,"C0641,OJAM,LLBG,OJAI"
Ramallah,2025-11-25T03:00:00,19.7,19.7,15.8,78.43,0.8,100,rain,0,0,13.3,5.4,254,25,9,0,0,0,,"Rain, Partially cloudy",rain,"C0641,OJAM,LLBG,OJAI"
Ramallah,2025-11-25T04:00:00,19.7,19.7,15.9,79.03,1.7,100,rain,0,0,13,4.1,223,50,9,0,0,0,,"Rain, Partially cloudy",rain,"C0641,OJAM,LLBG,OJAI"
Ramallah,2025-11-25T05:00:00,19.6,19.6,15.5,77.52,0.4,100,rain,0,0,14.8,12.6,269,88,9,0,0,0,,"Rain, Partially cloudy",rain,"C0641,OJAM,LLBG,OJAI"
Ramallah,2025-11-25T06:00:00,17,17,13.2,78.32,0.4,100,rain,0,0,15.8,13.1,354,50,8.7,0,0,0,,"Rain, Partially cloudy",rain,"C0641,OJAM,LLBG,OJAI"
Ramallah,2025-11-25T07:00:00,20.2,20.2,13.3,64.67,0.6,100,rain,0,0,14.8,11.7,63,88,8.5,23,0.1,0,,"Rain, Partially cloudy",rain,"C0641,OJAM,LLBG,OJAI"
Ramallah,2025-11-25T08:00:00,17.9,17.9,14.3,79.61,0.2,0,rain,0,0,16.2,5,50,88,8.5,44,0.2,0,,Partially cloudy,partly-cloudy-day,"C0641,OJAM,LLBG,OJAI"
Ramallah,2025-11-25T09:00:00,18.3,18.3,15.2,82.63,2.3,100,rain,0,0,18.4,8,90,83.7,8.5,196,0.7,2,,"Rain, Partially cloudy",rain,"C0641,OJAM,LLBG,OJAI"
Ramallah,2025-11-25T10:00:00,18.7,18.7,14.8,78.2,1,100,rain,0,0,20.9,10.5,74,54.6,9,297,1.1,3,,"Rain, Partially cloudy",rain,"C0641,OJAM,LLBG,OJAI"
Ramallah,2025-11-25T11:00:00,19.9,19.9,14,68.92,0.3,100,rain,0,0,20.2,4,351,50,8.8,218,0.8,2,,"Rain, Partially cloudy",rain,"C0641,OJAM,LLBG,OJAI"
Ramallah,2025-11-25T12:00:00,20.1,20.1,14.1,68.43,0.4,100,rain,0,0,24.8,5.8,341,50,8.8,410,1.5,4,,"Rain, Partially cloudy",rain,"C0641,OJAM,LLBG,OJAI"
Ramallah,2025-11-25T13:00:00,20.9,20.9,14,64.77,0.4,100,rain,0,0,26.6,6.4,300,35.2,9.1,405,1.5,4,,"Rain, Partially cloudy",rain,"C0641,OJAM,LLBG,OJAI"
Ramallah,2025-11-25T14:00:00,21.7,21.7,12.5,55.92,1.3,100,rain,0,0,28.4,19.6,302,83.4,9,396,1.4,4,,"Rain, Partially cloudy",rain,"C0641,OJAM,LLBG,OJAI"
Ramallah,2025-11-25T15:00:00,20.7,20.7,11.6,56.09,0.4,100,rain,0,0,25.2,19.2,301,54.3,9,30,0.1,0,,"Rain, Partially cloudy",rain,"C0641,OJAM,LLBG,OJAI"
Ramallah,2025-11-25T16:00:00,19.9,19.9,11.7,59.27,0.1,0,rain,0,0,20.2,17.3,306,54.3,9,26,0.1,0,,Partially cloudy,partly-cloudy-day,"C0641,OJAM,LLBG,OJAI"
Ramallah,2025-11-25T17:00:00,19.5,19.5,11.7,60.59,0,0,,0,0,15.1,15.2,302,58.9,9,0,0,0,,Partially cloudy,partly-cloudy-night,"C0641,OJAM,LLBG,OJAI"
Ramallah,2025-11-25T18:00:00,18.7,18.7,11.7,64,0,0,,0,0,14.4,7.9,297,54.6,9.1,0,0,0,,Partially cloudy,partly-cloudy-night,"C0641,OJAM,LLBG,OJAI"
Ramallah,2025-11-25T19:00:00,18.7,18.7,11,60.84,0,0,,0,0,10.1,6.8,300,30.8,9,0,0,0,,Partially cloudy,partly-cloudy-night,"C0641,OJAM,LLBG,OJAI"
Ramallah,2025-11-25T20:00:00,17.7,17.7,11.6,67.64,0,0,,0,0,9.4,5.9,330,30.8,9.1,0,0,0,,Partially cloudy,partly-cloudy-night,"C0641,OJAM,LLBG,OJAI"
Ramallah,2025-11-25T21:00:00,16.9,16.9,12.4,74.67,0,0,,0,0,9.7,7.3,100,27.8,9.1,0,0,0,,Partially cloudy,partly-cloudy-night,"C0641,OJAM,LLBG,OJAI"
Ramallah,2025-11-25T22:00:00,16.9,16.9,12.2,74.09,0,0,,0,0,8.6,8,100,37.2,9.1,0,0,0,,Partially cloudy,partly-cloudy-night,"C0641,OJAM,LLBG,OJAI"
Ramallah,2025-11-25T23:00:00,15.7,15.7,11.2,75,0,0,,0,0,9,9.2,100,50,9.2,0,0,0,,Partially cloudy,partly-cloudy-night,"C0641,OJAM,LLBG,OJAI"
Ramallah,2025-11-26T00:00:00,15.7,15.7,11.9,78.27,0,0,,0,0,9,6.4,99,50,9.2,0,0,0,,Partially cloudy,partly-cloudy-night,"C0641,OJAM,LLBG,OJAI"
Ramallah,2025-11-26T01:00:00,15.7,15.7,11.1,74.4,0,0,,0,0,9.4,7.8,99,50,9.2,0,0,0,,Partially cloudy,partly-cloudy-night,"C0641,OJAM,LLBG,OJAI"
Ramallah,2025-11-26T02:00:00,15.2,15.2,11.1,76.7,0,0,,0,0,9.4,5.8,107,25,9.1,0,0,0,,Partially cloudy,partly-cloudy-night,"C0641,OJAM,LLBG,OJAI"
Ramallah,2025-11-26T03:00:00,13.4,13.4,10.9,84.62,0,0,,0,0,9,5.8,92,25,9,0,0,0,,Partially cloudy,partly-cloudy-night,"C0641,OJAM,LLBG,OJAI"
Ramallah,2025-11-26T04:00:00,13.3,13.3,10.1,81.04,0,0,,0,0,7.9,4.6,82,25,8.8,0,0,0,,Partially cloudy,partly-cloudy-night,"C0641,OJAM,LLBG,OJAI"
Ramallah,2025-11-26T05:00:00,12.4,12.4,9.8,83.87,0,0,,0,0,7.2,4.6,82,25,8.9,0,0,0,,Partially cloudy,partly-cloudy-night,"C0641,OJAM,LLBG,OJAI"
Ramallah,2025-11-26T06:00:00,14,14,9.1,72.63,0,0,,0,0,7.9,6.2,135,25,8.5,0,0,0,,Partially cloudy,partly-cloudy-night,"C0641,OJAM,LLBG,OJAI"
Ramallah,2025-11-26T07:00:00,14.2,14.2,9.4,72.68,0,0,,0,0,9,7.4,121,25,8.4,70,0.3,1,,Partially cloudy,partly-cloudy-day,"C0641,OJAM,LLBG,OJAI"
Ramallah,2025-11-26T08:00:00,15.4,15.4,9.5,67.67,0,0,,0,0,11.9,4.1,0,25,8.5,211,0.8,2,,Partially cloudy,partly-cloudy-day,"C0641,OJAM,LLBG,OJAI"
Ramallah,2025-11-26T09:00:00,18.4,18.4,10.4,59.34,0,0,,0,0,13.3,7.8,105,25,9,451,1.6,5,,Partially cloudy,partly-cloudy-day,"C0641,OJAM,LLBG,OJAI"
Ramallah,2025-11-26T10:00:00,20.3,20.3,9.5,49.77,0,0,,0,0,14.8,4,115,25,9,572,2.1,6,,Partially cloudy,partly-cloudy-day,"C0641,OJAM,LLBG,OJAI"
Ramallah,2025-11-26T11:00:00,21.3,21.3,8.9,45.01,0,0,,0,0,16.6,8.7,27,10.5,9.1,631,2.3,6,,Clear,clear-day,"C0641,OJAM,LLBG,OJAI"
Ramallah,2025-11-26T12:00:00,21.5,21.5,8.8,44.03,0,0,,0,0,19.4,5.6,109,43.7,9.1,635,2.3,6,,Partially cloudy,partly-cloudy-day,"C0641,OJAM,LLBG,OJAI"
Ramallah,2025-11-26T13:00:00,22.3,22.3,8.6,41.37,0,0,,0,0,21.6,11.5,55,25,9.1,561,2,6,,Partially cloudy,partly-cloudy-day,"C0641,OJAM,LLBG,OJAI"
Ramallah,2025-11-26T14:00:00,22.5,22.5,6.6,35.6,0,0,,0,0,22,9.1,337,25,9.1,438,1.6,4,,Partially cloudy,partly-cloudy-day,"C0641,OJAM,LLBG,OJAI"
Ramallah,2025-11-26T15:00:00,21.8,21.8,9.7,46.29,0,0,,0,0,21.6,17.6,334,25,9,260,0.9,3,,Partially cloudy,partly-cloudy-day,"C0641,OJAM,LLBG,OJAI"
Ramallah,2025-11-26T16:00:00,20.8,20.8,10,49.96,0,0,,0,0,19.8,19,333,25,9,41,0.1,0,,Partially cloudy,partly-cloudy-day,"C0641,OJAM,LLBG,OJAI"
Ramallah,2025-11-26T17:00:00,19.8,19.8,9.7,52.33,0,0,,0,0,11.5,19.4,340,25,9,0,0,0,,Partially cloudy,partly-cloudy-night,"C0641,OJAM,LLBG,OJAI"
Ramallah,2025-11-26T18:00:00,18.9,18.9,9.9,55.75,0,0,,0,0,10.1,15,39,0,9.1,0,0,0,,Clear,clear-night,"C0641,OJAM,LLBG,OJAI"
Ramallah,2025-11-26T19:00:00,17.8,17.8,10.8,63.85,0,0,,0,0,7.6,13.6,47,0,9.1,0,0,0,,Clear,clear-night,"C0641,OJAM,LLBG,OJAI"
Ramallah,2025-11-26T20:00:00,16.8,16.8,10,64.17,0,0,,0,0,9.7,10.9,41,0,9.1,0,0,0,,Clear,clear-night,"C0641,OJAM,LLBG,OJAI"
Ramallah,2025-11-26T21:00:00,17.4,17.4,8.3,55.11,0,0,,0,0,15.8,15.5,42,0,9.1,0,0,0,,Clear,clear-night,"C0641,OJAM,LLBG,OJAI"
Ramallah,2025-11-26T22:00:00,16.5,16.5,8,56.91,0,0,,0,0,15.1,4.9,75,0,9.1,0,0,0,,Clear,clear-night,"C0641,OJAM,LLBG,OJAI"
Ramallah,2025-11-26T23:00:00,14.8,14.8,8.2,64.79,0,0,,0,0,14,6.2,75,0,9.1,0,0,0,,Clear,clear-night,"C0641,OJAM,LLBG,OJAI"
Ramallah,2025-11-27T00:00:00,15.7,15.7,7.4,58.1,0,0,,0,0,13.3,8.4,42,0,9.1,0,0,0,,Clear,clear-night,"C0641,OJAM,LLBG,OJAI"
Ramallah,2025-11-27T01:00:00,13.9,13.9,8.1,68.06,0,0,,0,0,12.6,3.7,70,0,9.1,0,0,0,,Clear,clear-night,"C0641,OJAM,LLBG,OJAI"
Ramallah,2025-11-27T02:00:00,14,14,10,76.83,0,0,,0,0,11.9,5.4,122,0,10,0,0,0,,Clear,clear-night,"C0641,LLBG"
Ramallah,2025-11-27T03:00:00,12.4,12.4,7.3,71.4,0,0,,0,0,12.6,6.4,39,0,9.1,0,0,0,,Clear,clear-night,"C0641,OJAM,LLBG,OJAI"
Ramallah,2025-11-27T04:00:00,12.4,12.4,7.2,70.81,0,0,,0,0,12.6,8.5,282,0,9.1,0,0,0,,Clear,clear-night,"C0641,OJAM,LLBG,OJAI"
Ramallah,2025-11-27T05:00:00,11.6,11.6,7.7,76.83,0,0,,0,0,12.6,9.3,63,0,9.2,0,0,0,,Clear,clear-night,"C0641,OJAM,LLBG,OJAI"
Ramallah,2025-11-27T06:00:00,13.9,13.9,7.7,66.09,0,0,,0,0,12.6,4.8,39,25,8.8,0,0,0,,Partially cloudy,partly-cloudy-night,"C0641,OJAM,LLBG,OJAI"
Ramallah,2025-11-27T07:00:00,12.4,12.4,6.4,67.19,0,0,,0,0,12.2,5.3,29,0,8.8,63,0.2,1,,Clear,clear-day,"C0641,OJAM,LLBG,OJAI"
Ramallah,2025-11-27T08:00:00,15.9,15.9,8.8,62.62,0,0,,0,0,13.7,5.8,106,0,8.8,219,0.8,2,,Clear,clear-day,"C0641,OJAM,LLBG,OJAI"
Ramallah,2025-11-27T09:00:00,18.4,18.4,9.7,56.65,0,0,,0,0,17.3,4.4,85,0,8.8,439,1.6,4,,Clear,clear-day,"C0641,OJAM,LLBG,OJAI"
Ramallah,2025-11-27T10:00:00,21.4,21.4,6.2,37.28,0,0,,0,0,20.5,7.7,89,0,8.8,536,1.9,5,,Clear,clear-day,"C0641,OJAM,LLBG,OJAI"
Ramallah,2025-11-27T11:00:00,24.1,24.1,5.7,30.52,0,0,,0,0,22,15.1,123,0.5,8.8,601,2.2,6,,Clear,clear-day,"C0641,OJAM,LLBG,OJAI"
Ramallah,2025-11-27T12:00:00,25.1,25.1,5.9,29.2,0,0,,0,0,24.1,20.9,124,0.3,9,597,2.1,6,,Clear,clear-day,"C0641,OJAM,LLBG,OJAI"
Ramallah,2025-11-27T13:00:00,25.3,25.3,5.6,28.14,0,0,,0,0,24.8,17.4,135,0.3,9,520,1.9,5,,Clear,clear-day,"C0641,OJAM,LLBG,OJAI"
Ramallah,2025-11-27T14:00:00,25.5,25.5,4.8,26.3,0,0,,0,0,24.5,14.6,113,1.1,8.8,388,1.4,4,,Clear,clear-day,"C0641,OJAM,LLBG,OJAI"
Ramallah,2025-11-27T15:00:00,24.8,24.8,8.8,36.37,0,0,,0,0,23.4,13.3,119,1.7,8.8,217,0.8,2,,Clear,clear-day,"C0641,OJAM,LLBG,OJAI"
Ramallah,2025-11-27T16:00:00,22.9,22.9,9.7,43.24,0,0,,0,0,19.4,18.8,324,2.8,8.8,46,0.2,0,,Clear,clear-day,"C0641,OJAM,LLBG,OJAI"
Ramallah,2025-11-27T17:00:00,21.8,21.8,10,46.98,0,0,,0,0,13.3,13.4,309,3.7,9,0,0,0,,Clear,clear-night,"C0641,OJAM,LLBG,OJAI"
Ramallah,2025-11-27T18:00:00,21.7,21.7,10,47.33,0,0,,0,0,14,10.1,254,8.6,9,0,0,0,,Clear,clear-night,"C0641,OJAM,LLBG,OJAI"
Ramallah,2025-11-27T19:00:00,20.8,20.8,10.7,52.58,0,0,,0,0,14,9.3,123,5.3,9,0,0,0,,Clear,clear-night,"C0641,OJAM,LLBG,OJAI"
Ramallah,2025-11-27T20:00:00,20,20,10.7,55.12,0,0,,0,0,14,8.2,128,25,9.1,0,0,0,,Partially cloudy,partly-cloudy-night,"C0641,OJAM,LLBG,OJAI"
Ramallah,2025-11-27T21:00:00,18.9,18.9,10.6,58.63,0,0,,0,0,12.2,8.9,109,50,9.1,0,0,0,,Partially cloudy,partly-cloudy-night,"C0641,OJAM,LLBG,OJAI"
Ramallah,2025-11-27T22:00:00,17.4,17.4,10.6,64.55,0,0,,0,0,12.6,4.4,39,50,9.1,0,0,0,,Partially cloudy,partly-cloudy-night,"C0641,OJAM,LLBG,OJAI"
Ramallah,2025-11-27T23:00:00,17.3,17.3,10.5,64.5,0,0,,0,0,13.3,6,101,0.2,9.1,0,0,0,,Clear,clear-night,"C0641,OJAM,LLBG,OJAI"
Ramallah,2025-11-28T00:00:00,16.4,16.4,9.7,64.8,0,0,,0,0,13.3,4,86,0,9.1,0,0,0,,Clear,clear-night,"C0641,OJAM,LLBG,OJAI"
Ramallah,2025-11-28T01:00:00,17.1,17.1,10.5,64.97,0,0,,0,0,13,6.8,101,0.3,9.1,0,0,0,,Clear,clear-night,"C0641,OJAM,LLBG,OJAI"
Ramallah,2025-11-28T02:00:00,14.8,14.8,9.5,70.37,0,0,,0,0,12.2,4.2,120,0.2,9,0,0,0,,Clear,clear-night,"C0641,OJAM,LLBG,OJAI"
Ramallah,2025-11-28T03:00:00,14.7,14.7,9.5,70.91,0,0,,0,0,11.2,4.5,115,0,9,0,0,0,,Clear,clear-night,"C0641,OJAM,LLBG,OJAI"
Ramallah,2025-11-28T04:00:00,14.1,14.1,9.7,74.85,0,0,,0,0,9.7,2.9,75,0,9,0,0,0,,Clear,clear-night,"C0641,OJAM,LLBG,OJAI"
Ramallah,2025-11-28T05:00:00,13.9,13.9,8.7,71.05,0,0,,0,0,10.8,7.3,85,0,8.8,0,0,0,,Clear,clear-night,"C0641,OJAM,LLBG,OJAI"
Ramallah,2025-11-28T06:00:00,15.4,15.4,7.3,58.44,0,0,,0,0,11.2,5.1,34,0,8.8,0,0,0,,Clear,clear-night,"C0641,OJAM,LLBG,OJAI"
Ramallah,2025-11-28T07:00:00,13.1,13.1,8.1,71.42,0,0,,0,0,9,5.1,34,0,8.8,56,0.2,1,,Clear,clear-day,"C0641,OJAM,LLBG,OJAI"
Ramallah,2025-11-28T08:00:00,14.8,14.8,8.1,64.22,0,0,,0,0,9.4,3.3,39,0,8.8,213,0.8,2,,Clear,clear-day,"C0641,OJAM,LLBG,OJAI"
Ramallah,2025-11-28T09:00:00,18,18,7.3,49.59,0,0,,0,0,15.5,6.1,49,0,8.8,409,1.5,4,,Clear,clear-day,"C0641,OJAM,LLBG,OJAI"
Ramallah,2025-11-28T10:00:00,22.3,22.3,5.2,32.97,0,0,,0,0,19.1,7.7,100,4.5,8.8,519,1.9,5,,Clear,clear-day,"C0641,OJAM,LLBG,OJAI"
Ramallah,2025-11-28T11:00:00,24.2,24.2,4.9,28.71,0,0,,0,0,19.1,11.7,321,0,8.8,589,2.1,6,,Clear,clear-day,"C0641,OJAM,LLBG,OJAI"
Ramallah,2025-11-28T12:00:00,24.3,24.3,5.8,30.32,0,0,,0,0,20.2,11,329,9.8,8.8,582,2.1,6,,Clear,clear-day,"C0641,OJAM,LLBG,OJAI"
Ramallah,2025-11-28T13:00:00,24.5,24.5,8.8,36.87,0,0,,0,0,21.6,15.2,335,80.4,8.8,501,1.8,5,,Partially cloudy,partly-cloudy-day,"C0641,OJAM,LLBG,OJAI"
Ramallah,2025-11-28T14:00:00,24.8,24.8,10.3,39.99,0,0,,0,0,21.2,17,330,83.4,8.7,400,1.4,4,,Partially cloudy,partly-cloudy-day,"C0641,OJAM,LLBG,OJAI"
Ramallah,2025-11-28T15:00:00,23.9,23.9,9.5,40.04,0,0,,0,0,19.4,10,357,33.6,8.7,234,0.8,2,,Partially cloudy,partly-cloudy-day,"C0641,OJAM,LLBG,OJAI"
Ramallah,2025-11-28T16:00:00,23.1,23.1,9.5,41.94,0,0,,0,0,14,12.5,326,46.7,8.7,43,0.2,0,,Partially cloudy,partly-cloudy-day,"C0641,OJAM,LLBG,OJAI"
Ramallah,2025-11-28T17:00:00,21.8,21.8,9.7,46.25,0,0,,0,0,10.1,8.7,321,69.2,8.7,0,0,0,,Partially cloudy,partly-cloudy-night,"C0641,OJAM,LLBG,OJAI"
Ramallah,2025-11-28T18:00:00,20.5,20.5,10.4,52.12,0,0,,0,0,9.7,2.4,19,49.3,8.8,0,0,0,,Partially cloudy,partly-cloudy-night,"C0641,OJAM,LLBG,OJAI"
Ramallah,2025-11-28T19:00:00,19.7,19.7,10.5,55.5,0,0,,0,0,9.7,6.9,112,82.1,8.8,0,0,0,,Partially cloudy,partly-cloudy-night,"C0641,OJAM,LLBG,OJAI"
Ramallah,2025-11-28T20:00:00,18.8,18.8,11.3,61.71,0,0,,0,0,10.4,7.4,128,92.4,9,0,0,0,,Overcast,cloudy,"C0641,OJAM,LLBG,OJAI"
Ramallah,2025-11-28T21:00:00,17.9,17.9,10.5,61.97,0,0,,0,0,8.6,7.1,164,94.4,9,0,0,0,,Overcast,cloudy,"C0641,OJAM,LLBG,OJAI"
Ramallah,2025-11-28T22:00:00,17,17,9.6,61.77,0,0,,0,0,6.8,6,80,99,8.8,0,0,0,,Overcast,cloudy,"C0641,OJAM,LLBG,OJAI"
Ramallah,2025-11-28T23:00:00,16.9,16.9,9.6,62.22,0,0,,0,0,7.9,4.4,92,99.4,8.8,0,0,0,,Overcast,cloudy,"C0641,OJAM,LLBG,OJAI"
Ramallah,2025-11-29T00:00:00,16.8,16.8,9,60,0,0,,0,0,8.6,3,72,100,8.8,0,0,0,,Overcast,cloudy,"C0641,OJAM,LLBG,OJAI"
Ramallah,2025-11-29T01:00:00,16.7,16.7,9.5,62.64,0,0,,0,0,9.4,4.4,87,100,8.8,0,0,0,,Overcast,cloudy,"C0641,OJAM,LLBG,OJAI"
Ramallah,2025-11-29T02:00:00,14.9,14.9,7.9,62.72,0,0,,0,0,9.4,4.4,61,96.6,8.8,0,0,0,,Overcast,cloudy,"C0641,OJAM,LLBG,OJAI"
Ramallah,2025-11-29T03:00:00,14.1,14.1,7.1,62.59,0,0,,0,0,9,5.2,19,97.8,8.8,0,0,0,,Overcast,cloudy,"C0641,OJAM,LLBG,OJAI"
Ramallah,2025-11-29T04:00:00,14.8,14.8,7.2,60.48,0,0,,0,0,8.3,5.6,71,98.6,8.8,0,0,0,,Overcast,cloudy,"C0641,OJAM,LLBG,OJAI"
Ramallah,2025-11-29T05:00:00,13.1,13.1,7.2,67.29,0,0,,0,0,9,4.1,0,98.6,8.8,0,0,0,,Overcast,cloudy,"C0641,OJAM,LLBG,OJAI"
Ramallah,2025-11-29T06:00:00,14.7,14.7,7.2,60.95,0,0,,0,0,9.7,4,81,96.8,8.8,0,0,0,,Overcast,cloudy,"C0641,OJAM,LLBG,OJAI"
Ramallah,2025-11-29T07:00:00,14.8,14.8,7.2,60.45,0,0,,0,0,9.7,9.3,111,97,8.7,65,0.2,1,,Overcast,cloudy,"C0641,OJAM,LLBG,OJAI"
Ramallah,2025-11-29T08:00:00,16.5,16.5,7.3,54.43,0,0,,0,0,8.3,6.7,76,93.4,8.7,264,1,3,,Overcast,cloudy,"C0641,OJAM,LLBG,OJAI"
Ramallah,2025-11-29T09:00:00,18.9,18.9,8.7,51.5,0,0,,0,0,9.4,3.9,34,93.8,8.8,414,1.5,4,,Overcast,cloudy,"C0641,OJAM,LLBG,OJAI"
Ramallah,2025-11-29T10:00:00,21.5,21.5,8.8,44.22,0,0,,0,0,10.4,6.5,50,90.5,8.8,622,2.2,6,,Overcast,cloudy,"C0641,OJAM,LLBG,OJAI"
Ramallah,2025-11-29T11:00:00,22.8,22.8,11.9,50.31,0,0,,0,0,13,4.9,39,91.7,8.8,547,2,5,,Overcast,cloudy,"C0641,OJAM,LLBG,OJAI"
Ramallah,2025-11-29T12:00:00,23.8,23.8,11.3,45.38,0,0,,0,0,13.3,7.7,326,93.1,8.8,509,1.8,5,,Overcast,cloudy,"C0641,OJAM,LLBG,OJAI"
Ramallah,2025-11-29T13:00:00,23.2,23.2,12.8,51.83,0,0,,0,0,13.3,8,320,90.5,8.8,478,1.7,5,,Overcast,cloudy,"C0641,OJAM,LLBG,OJAI"
Ramallah,2025-11-29T14:00:00,24.2,24.2,12.8,48.83,0,0,,0,0,11.9,7.7,325,95,8.7,253,0.9,3,,Overcast,cloudy,"C0641,OJAM,LLBG,OJAI"
Ramallah,2025-11-29T15:00:00,23.5,23.5,13.7,54.15,0,0,,0,0,9,10.5,319,99,8.7,109,0.4,1,,Overcast,cloudy,"C0641,OJAM,LLBG,OJAI"
Ramallah,2025-11-29T16:00:00,22.5,22.5,14.6,60.9,0,0,,0,0,5,11.8,330,100,8.7,22,0.1,0,,Overcast,cloudy,"C0641,OJAM,LLBG,OJAI"
Ramallah,2025-11-29T17:00:00,21.4,21.4,14.3,64.26,0,0,,0,0,5,8.7,335,100,8.7,0,0,0,,Overcast,cloudy,"C0641,OJAM,LLBG,OJAI"
Ramallah,2025-11-29T18:00:00,20.2,20.2,14.8,70.9,0,0,,0,0,7.6,3.4,44,99.3,8.8,0,0,0,,Overcast,cloudy,"C0641,OJAM,LLBG,OJAI"
Ramallah,2025-11-29T19:00:00,20.1,20.1,14.8,71.42,0,0,,0,0,7.9,4.8,44,99.6,8.8,0,0,0,,Overcast,cloudy,"C0641,OJAM,LLBG,OJAI"
Ramallah,2025-11-29T20:00:00,19.9,19.9,14.9,73,0,0,,0,0,7.9,5.2,126,97.7,8.8,0,0,0,,Overcast,cloudy,"C0641,OJAM,LLBG,OJAI"
Ramallah,2025-11-29T21:00:00,18.9,18.9,13.8,72.29,0,0,,0,0,7.2,2.4,131,89.8,8.8,0,0,0,,Partially cloudy,partly-cloudy-night,"C0641,OJAM,LLBG,OJAI"
Ramallah,2025-11-29T22:00:00,18.1,18.1,13.2,72.71,0,0,,0,0,8.3,2.6,157,92.7,8.1,0,0,0,,Overcast,cloudy,"C0641,OJAM,LLBG,OJAI"
Ramallah,2025-11-29T23:00:00,18.5,18.5,13.9,74.45,0,0,,0,0,8.3,6.6,143,92.7,7.3,0,0,0,,Overcast,cloudy,"C0641,OJAM,LLBG,OJAI"
Ramallah,2025-11-30T00:00:00,18.3,18.3,15.1,81.81,0,0,,0,0,7.6,8.8,116,90.6,7.6,0,0,0,,Overcast,cloudy,"C0641,LLBG,OJAI"
Ramallah,2025-11-30T01:00:00,16.1,16.1,11.8,75.48,0,0,,0,0,7.9,5.4,142,91.8,7.3,0,0,0,,Overcast,cloudy,"C0641,OJAM,LLBG,OJAI"
Ramallah,2025-11-30T02:00:00,15.9,15.9,11.4,74.53,0,0,,0,0,9.4,4.3,172,95.1,6.7,0,0,0,,Overcast,cloudy,"C0641,OJAM,LLBG,OJAI"
Ramallah,2025-11-30T03:00:00,15.8,15.8,12,78.4,0,0,,0,0,11.5,4.3,167,100,6.7,0,0,0,,Overcast,cloudy,"C0641,OJAM,LLBG,OJAI"
Ramallah,2025-11-30T04:00:00,16,16,11,72.3,0,0,,0,0,13,8.4,135,99.3,7.4,0,0,0,,Overcast,cloudy,"C0641,OJAM,LLBG,OJAI"
Ramallah,2025-11-30T05:00:00,16.6,16.6,9.7,64.07,0,0,,0,0,13.3,7.3,137,97.3,9,0,0,0,,Overcast,cloudy,"C0641,OJAM,LLBG,OJAI"
Ramallah,2025-11-30T06:00:00,16.7,16.7,9.7,63.58,0,0,,0,0,13,5.7,167,93.1,9,0,0,0,,Overcast,cloudy,"C0641,OJAM,LLBG,OJAI"
Ramallah,2025-11-30T07:00:00,16.9,16.9,9,59.52,0,0,,0,0,12.6,10.6,107,25,8.6,60,0.2,1,,Partially cloudy,partly-cloudy-day,"C0641,OJAM,LLBG,OJAI"
Ramallah,2025-11-30T08:00:00,17.8,17.8,9.7,59.26,0,0,,0,0,14.8,11.1,107,25,8.6,262,0.9,3,,Partially cloudy,partly-cloudy-day,"C0641,OJAM,LLBG,OJAI"
Ramallah,2025-11-30T09:00:00,19.6,19.6,11.3,58.74,0,0,,0,0,19.8,13.1,115,28,7.9,424,1.5,4,,Partially cloudy,partly-cloudy-day,"C0641,OJAM,LLBG,OJAI"
Ramallah,2025-11-30T10:00:00,20.6,20.6,11.6,56.54,0,0,,0,0,25.2,20.5,215,51.7,7.8,515,1.9,5,,Partially cloudy,partly-cloudy-day,"C0641,OJAM,LLBG,OJAI"
Ramallah,2025-11-30T11:00:00,21,21,14.3,65.32,0.1,0,rain,0,0,33.5,21.8,202,80.8,4.2,555,2,6,,Partially cloudy,partly-cloudy-day,"C0641,OJAM,LLBG,OJAI"
Ramallah,2025-11-30T12:00:00,20.5,20.5,14.5,68.57,0.2,0,rain,0,0,38.2,14,246,82.9,5.9,255,0.9,3,,Partially cloudy,partly-cloudy-day,"C0641,OJAM,LLBG,OJAI"
Ramallah,2025-11-30T13:00:00,21.4,21.4,12.3,56.3,0.2,0,rain,0,0,39.2,20.9,278,82.9,9,126,0.5,1,,Partially cloudy,partly-cloudy-day,"C0641,OJAM,LLBG,OJAI"
Ramallah,2025-11-30T14:00:00,21.4,21.4,11.4,52.94,0.1,0,rain,0,0,36.7,25.9,286,46.8,8.7,135,0.5,1,,Partially cloudy,partly-cloudy-day,"C0641,OJAM,LLBG,OJAI"
Ramallah,2025-11-30T15:00:00,21.1,21.1,9.6,47.72,0,0,,0,0,34.9,24.8,270,28,8.6,228,0.8,2,,Partially cloudy,partly-cloudy-day,"C0641,OJAM,LLBG,OJAI"
Ramallah,2025-11-30T16:00:00,19.9,19.9,11.5,58.34,0,0,,0,0,32.8,16.9,261,50,8.6,29,0.1,0,,Partially cloudy,partly-cloudy-day,"C0641,OJAM,LLBG,OJAI"
Ramallah,2025-11-30T17:00:00,19.7,19.7,10.5,55.39,0,0,,0,0,26.3,14,255,54.6,8.8,0,0,0,,Partially cloudy,partly-cloudy-night,"C0641,OJAM,LLBG,OJAI"
Ramallah,2025-11-30T18:00:00,17.8,17.8,10.5,62.32,0,0,,0,0,20.9,11.8,226,33.5,8.8,0,0,0,,Partially cloudy,partly-cloudy-night,"C0641,OJAM,LLBG,OJAI"
Ramallah,2025-11-30T19:00:00,17.8,17.8,10.2,61.33,0,0,,0,0,16.9,12.4,227,28.4,8.8,0,0,0,,Partially cloudy,partly-cloudy-night,"C0641,OJAM,LLBG,OJAI"
Ramallah,2025-11-30T20:00:00,16.8,16.8,9.9,63.84,0,0,,0,0,15.8,12.5,187,25,9.1,0,0,0,,Partially cloudy,partly-cloudy-night,"C0641,OJAM,LLBG,OJAI"
Ramallah,2025-11-30T21:00:00,16.5,16.5,10,65.29,0,0,,0,0,14.4,9.3,174,50,9.1,0,0,0,,Partially cloudy,partly-cloudy-night,"C0641,OJAM,LLBG,OJAI"
Ramallah,2025-11-30T22:00:00,16.4,16.4,10.7,68.71,0,0,,0,0,14.4,10.5,112,50,9.1,0,0,0,,Partially cloudy,partly-cloudy-night,"C0641,OJAM,LLBG,OJAI"
Ramallah,2025-11-30T23:00:00,15.7,15.7,11.7,77.07,0,0,,0,0,14.8,15.1,193,25,9.1,0,0,0,,Partially cloudy,partly-cloudy-night,"C0641,OJAM,LLBG,OJAI"
