timestamp,steps
2025-11-01 00:00:00.000000,4473
2025-11-02 00:00:00.000000,6075
2025-11-03 00:00:00.000000,1641
2025-11-04 00:00:00.000000,2982
2025-11-05 00:00:00.000000,1814
2025-11-06 00:00:00.000000,3926
2025-11-07 00:00:00.000000,6680
2025-11-08 00:00:00.000000,4229
2025-11-09 00:00:00.000000,3143
2025-11-10 00:00:00.000000,9549
2025-11-11 00:00:00.000000,5908
2025-11-12 00:00:00.000000,8580
2025-11-13 00:00:00.000000,9449
2025-11-14 00:00:00.000000,3303
2025-11-15 00:00:00.000000,6722
2025-11-16 00:00:00.000000,10310
2025-11-17 00:00:00.000000,5900
2025-11-18 00:00:00.000000,5212
2025-11-19 00:00:00.000000,13963
2025-11-20 00:00:00.000000,7559
2025-11-21 00:00:00.000000,5014
2025-11-22 00:00:00.000000,6275
2025-11-23 00:00:00.000000,5361
2025-11-24 00:00:00.000000,14026
2025-11-25 00:00:00.000000,6308
2025-11-26 00:00:00.000000,7141
2025-11-27 00:00:00.000000,4506
2025-11-28 00:00:00.000000,19539
2025-11-29 00:00:00.000000,16108
2025-11-30 00:00:00.000000,3721