name,datetime,temp,feelslike,dew,humidity,precip,precipprob,preciptype,snow,snowdepth,windgust,windspeed,winddir,sealevelpressure,cloudcover,visibility,solarradiation,solarenergy,uvindex,severerisk,conditions,icon,stations
berlin,2023-11-23T00:00:00,0.2,-4.4,-2.9,79.27,0,0,,0,0,29.9,16.5,211,1022,100,27.3,0,0,0,,Overcast,cloudy,"00427,03987,00403,E2835,00433,00400"
berlin,2023-11-23T01:00:00,0.8,-4,-2.9,76.2,0,0,,0.1,0,32,18.7,217,1020.7,100,39.1,0,0,0,,Overcast,snow,"00427,03987,00403,E2835,00433,00400"
berlin,2023-11-23T02:00:00,1.5,-3.4,-2.6,74.25,0,0,,0,0,34.6,20.3,216,1019,100,40,0,0,0,,Overcast,cloudy,"00427,03987,00403,E2835,00433,00400"
berlin,2023-11-23T03:00:00,2.4,-2.4,-2.2,71.68,0,0,,0,0,37.8,21.9,220,1018.1,100,35,0,0,0,,Overcast,cloudy,"00427,03987,00403,E2835,00433,00400"
berlin,2023-11-23T04:00:00,3,-1.5,-1.4,72.67,0,0,,0,0,36.7,20.5,230,1017.3,96.5,40,0,0,0,,Overcast,cloudy,"00427,03987,00403,E2835,00433,00400"
berlin,2023-11-23T05:00:00,4,-0.1,-0.1,75.08,0,0,,0,0,41.8,18.9,230,1016.4,92.6,40,0,0,0,,Overcast,cloudy,"00427,03987,00403,E2835,00433,00400"
berlin,2023-11-23T06:00:00,4.9,0.9,1.3,77.38,0,0,,0,0,41.8,20.5,230,1015.8,94.1,41,0,0,0,,Overcast,cloudy,"00427,03987,00403,E2835,00433,00400"
berlin,2023-11-23T07:00:00,5.9,2.2,2.9,81.25,0,0,,0,0,42.1,19.5,242,1015.4,98.5,42.8,0,0,0,,Overcast,cloudy,"00427,03987,00403,E2835,00433,00400"
berlin,2023-11-23T08:00:00,6.2,2.4,4.4,88.09,0,0,,0,0,42.5,22.3,237,1014.6,100,13.1,7,0,0,,Overcast,cloudy,"00427,03987,00403,E2835,00433,00400"
berlin,2023-11-23T09:00:00,6.4,2.4,4.8,89.15,0,0,,0,0,42.1,25.2,234,1013.7,95.6,18.6,19,0.1,0,,Overcast,cloudy,"00427,03987,00403,E2835,00433,00400"
berlin,2023-11-23T10:00:00,7,3.1,5.4,89.27,0,0,,0,0,42.1,25,233,1012.9,100,22.9,30,0.1,0,,Overcast,cloudy,"00427,03987,00403,E2835,00433,00400"
berlin,2023-11-23T11:00:00,7.3,3.5,5.3,86.79,0,0,,0,0,46.4,25.4,240,1012,88.8,31.9,40,0.1,0,,Partially cloudy,partly-cloudy-day,"00427,03987,00403,E2835,00433,00400"
berlin,2023-11-23T12:00:00,7.6,3.7,6.4,91.89,0,0,,0,0,46.8,27.6,240,1010.6,100,4.9,42,0.2,0,,Overcast,cloudy,"00427,03987,00403,E2835,00433,00400"
berlin,2023-11-23T13:00:00,8.1,4.3,7.1,93.56,0.025,100,rain,0,0,40.7,27.2,240,1009.7,100,11.9,19,0.1,0,,"Rain, Overcast",rain,"00427,03987,00403,E2835,00433,00400"
berlin,2023-11-23T14:00:00,9.3,6.1,8,91.7,0,0,,0,0,43.9,24.8,259,1008.6,100,17.3,16,0.1,0,,Overcast,cloudy,"00427,03987,00403,E2835,00433,00400"
berlin,2023-11-23T15:00:00,10.2,10.2,8.2,87.54,0,0,,0,0,59.8,32.5,265,1007.4,100,29.8,12,0,0,,Overcast,cloudy,"00427,03987,00403,E2835,00433,00400"
berlin,2023-11-23T16:00:00,10.3,10.3,8.6,89.33,0,0,,0,0,59.8,34.6,260,1006.5,100,6.9,0,0,0,,Overcast,cloudy,"00427,03987,00403,E2835,00433,00400"
berlin,2023-11-23T17:00:00,10.5,10.5,8.4,86.49,0,0,,0,0,61.9,31.3,249,1004.7,100,39.6,0,0,0,,Overcast,cloudy,"00427,03987,00403,E2835,00433,00400"
berlin,2023-11-23T18:00:00,11.1,11.1,8.3,82.86,0.04,100,rain,0,0,66.2,36.8,244,1003.2,100,40.4,0,0,0,,"Rain, Overcast",rain,"00427,03987,00403,E2835,00433,00400"
berlin,2023-11-23T19:00:00,11.1,11.1,8.8,85.44,0.032,100,rain,0,0,63.4,33,251,1001.9,100,30.8,0,0,0,,"Rain, Overcast",rain,"00427,03987,00403,E2835,00433,00400"
berlin,2023-11-23T20:00:00,10.6,10.6,9.5,92.85,0.596,100,rain,0,0,68,32.1,259,1000.9,100,11.1,0,0,0,,"Rain, Overcast",rain,"00427,03987,00403,E2835,00433,00400"
berlin,2023-11-23T21:00:00,9.6,5.6,8.5,92.53,1.879,100,rain,0,0,69.8,37.7,294,1001.2,100,15.4,0,0,0,,"Rain, Overcast",rain,"00427,03987,00403,E2835,00433,00400"
berlin,2023-11-23T22:00:00,8.3,4,6.4,87.76,0.574,100,rain,0,0,60.5,34.8,303,1001.6,99,33.8,0,0,0,,"Rain, Overcast",rain,"00427,03987,00403,E2835,00433,00400"
berlin,2023-11-23T23:00:00,8,4,5.3,83.24,0.168,100,rain,0,0,52.2,29.8,283,1001.3,96.1,41.2,0,0,0,,"Rain, Overcast",rain,"00427,03987,00403,E2835,00433,00400"
berlin,2023-11-24T00:00:00,7.6,3.3,4,78.15,0,0,,0,0,54.4,32.7,290,1001.2,100,38.2,0,0,0,,Overcast,cloudy,"00427,03987,00403,E2835,00433,00400"
berlin,2023-11-24T01:00:00,7.4,2.7,3.4,75.6,0.326,100,rain,0,0,51.8,36.6,283,1001,91.2,39.1,0,0,0,,"Rain, Overcast",rain,"00427,03987,00403,E2835,00433,00400"
berlin,2023-11-24T02:00:00,6.9,2.1,2.8,75.16,0,0,,0,0,53.6,35.7,296,1001.3,65.1,37.8,0,0,0,,Partially cloudy,partly-cloudy-night,"00427,03987,00403,E2835,00433,00400"
berlin,2023-11-24T03:00:00,6.4,2,2.7,76.8,0.032,100,rain,0,0,51.5,28.6,290,1001.2,78.3,22.2,0,0,0,,"Rain, Partially cloudy",rain,"00427,03987,00403,E2835,00433,00400"
berlin,2023-11-24T04:00:00,3.9,-0.6,2.1,88.13,1.025,100,rain,0,0,51.5,22.6,290,1001.3,13,39.8,0,0,0,,Rain,rain,"00427,03987,00403,E2835,00433,00400"
berlin,2023-11-24T05:00:00,4.7,0.6,2.2,83.73,0,0,,0,0,51.5,21.5,273,1001,61.4,36.1,0,0,0,,Partially cloudy,partly-cloudy-night,"00427,03987,00403,E2835,00433,00400"
berlin,2023-11-24T06:00:00,4.8,-0.3,2.3,83.94,0.263,100,rain,0,0,50.8,31.8,283,1000.6,80,15.3,0,0,0,,"Rain, Partially cloudy",rain,"00427,03987,00403,E2835,00433,00400"
berlin,2023-11-24T07:00:00,4.3,-0.4,1.6,82.82,0.064,100,rain,0,0,52.2,25.5,288,1000.4,98.7,46.5,0,0,0,,"Rain, Overcast",rain,"00427,03987,00403,E2835,00433,00400"
berlin,2023-11-24T08:00:00,4.5,0.2,1.3,79.41,0,0,,0,0,53.3,22.4,279,1000.2,88.6,46.9,5,0,0,,Partially cloudy,partly-cloudy-day,"00427,03987,00403,E2835,00433,00400"
berlin,2023-11-24T09:00:00,4.4,-0.8,0.7,76.98,0,0,,0,0,51.1,31.5,289,1000,58.3,43.2,47,0.2,0,,Partially cloudy,partly-cloudy-day,"00427,03987,00403,E2835,00433,00400"
berlin,2023-11-24T10:00:00,4.6,-0.3,0.9,76.91,0,0,,0,0,47.5,27.4,286,999.9,61.6,45,76,0.3,1,,Partially cloudy,partly-cloudy-day,"00427,03987,00403,E2835,00433,00400"
berlin,2023-11-24T11:00:00,4.8,-0.2,0.7,74.85,0,0,,0,0,48.2,29.7,280,999.4,80,43,139,0.5,1,,Partially cloudy,partly-cloudy-day,"00427,03987,00403,E2835,00433,00400"
berlin,2023-11-24T12:00:00,4.9,0.2,0.3,72.26,0,0,,0,0,46.8,27.5,286,998.5,97.5,50,128,0.5,1,,Overcast,cloudy,"00427,03987,00403,E2835,00433,00400"
berlin,2023-11-24T13:00:00,5.5,0.8,0.3,69.49,0,0,,0,0,40.3,29,286,997.8,65.6,50,301,1.1,3,,Partially cloudy,partly-cloudy-day,"00427,03987,00403,E2835,00433,00400"
berlin,2023-11-24T14:00:00,5.5,1.3,0.4,69.68,0,0,,0,0,47.9,23.6,271,996.9,86.6,47.9,172,0.6,2,,Partially cloudy,partly-cloudy-day,"00427,03987,00403,E2835,00433,00400"
berlin,2023-11-24T15:00:00,4.6,-0.2,1,77.58,0,0,,0,0,49.3,27.5,273,996.4,98.9,43.6,21,0.1,0,,Overcast,cloudy,"00427,03987,00403,E2835,00433,00400"
berlin,2023-11-24T16:00:00,4.2,-0.5,1,79.18,0,0,,0,0,43.9,25.5,263,995.9,100,45,5,0,0,,Overcast,cloudy,"00427,03987,00403,E2835,00433,00400"
berlin,2023-11-24T17:00:00,4.2,-0.3,0.5,76.94,0,0,,0,0,41.8,23.6,263,995.6,100,50,0,0,0,,Overcast,cloudy,"00427,03987,00403,E2835,00433,00400"
berlin,2023-11-24T18:00:00,3.9,-0.9,0.3,76.88,0,0,,0,0,40.3,25.6,272,995.5,100,50,0,0,0,,Overcast,cloudy,"00427,03987,00403,E2835,00433,00400"
berlin,2023-11-24T19:00:00,3.3,-1.3,0.5,81.65,0.058,100,rain,0,0,33.5,22.3,270,995.4,100,50,0,0,0,,"Rain, Overcast",rain,"00427,03987,00403,E2835,00433,00400"
berlin,2023-11-24T20:00:00,3.5,-1,0.6,81.8,0.032,100,rain,0,0,33.8,21.1,270,995,100,50,0,0,0,,"Rain, Overcast",rain,"00427,03987,00403,E2835,00433,00400"
berlin,2023-11-24T21:00:00,3,-2.1,0.8,85.71,0.033,100,rain,0,0,33.5,25.3,279,995.2,100,25.4,0,0,0,,"Rain, Overcast",rain,"00427,03987,00403,E2835,00433,00400"
berlin,2023-11-24T22:00:00,0.6,-3.6,0.2,97.02,1.755,100,"rain,snow",0,0,30.2,14.5,18,996.4,100,3.2,0,0,0,,"Snow, Rain, Overcast",rain,"00427,03987,00403,E2835,00433,00400"
berlin,2023-11-24T23:00:00,0.7,-3.4,0.2,96.23,0.459,100,"rain,snow",0,0,33.1,14.6,319,997.4,91.5,40,0,0,0,,"Snow, Rain, Overcast",rain,"00427,03987,00403,E2835,00433,00400"
berlin,2023-11-25T00:00:00,0.9,-4.2,-0.2,92.75,0,0,,0,0,33.1,20.2,310,998.5,66.4,40,0,0,0,,Partially cloudy,partly-cloudy-night,"00427,03987,00403,E2835,00433,00400"
berlin,2023-11-25T01:00:00,0.7,-4.6,-0.6,90.92,0,0,,0,0,30.6,21.8,310,999.7,0,45,0,0,0,,Clear,clear-night,"00427,03987,00403,E2835,00433,00400"
berlin,2023-11-25T02:00:00,0.6,-4.6,-0.7,90.96,0,0,,0,0,35.3,20.6,309,1000.7,3.8,45,0,0,0,,Clear,clear-night,"00427,03987,00403,E2835,00433,00400"
berlin,2023-11-25T03:00:00,0.9,-4.3,-1,87.66,0,0,,0,0,34.9,21,297,1001.5,76,45,0,0,0,,Partially cloudy,partly-cloudy-night,"00427,03987,00403,E2835,00433,00400"
berlin,2023-11-25T04:00:00,1.1,-4.2,-0.9,86.71,0,0,,0,0,33.5,22.7,290,1001.8,83.6,44.5,0,0,0,,Partially cloudy,partly-cloudy-night,"00427,03987,00403,E2835,00433,00400"
berlin,2023-11-25T05:00:00,1,-3.6,-0.3,91.18,0,0,,0,0,33.1,17.8,287,1002.4,85.9,44.5,0,0,0,,Partially cloudy,partly-cloudy-night,"00427,03987,00403,E2835,00433,00400"
berlin,2023-11-25T06:00:00,1.1,-3.7,-0.1,91.67,0,0,,0,0,34.6,19.2,280,1002.9,84.5,47.5,0,0,0,,Partially cloudy,partly-cloudy-night,"00427,03987,00403,E2835,00433,00400"
berlin,2023-11-25T07:00:00,0.9,-4,-0.5,90.41,0,0,,0,0,32,19.5,279,1003.5,87.2,39.3,0,0,0,,Partially cloudy,partly-cloudy-night,"00427,03987,00403,E2835,00433,00400"
berlin,2023-11-25T08:00:00,0.5,-4.3,-0.9,89.99,0,0,,0,0,31.3,18.3,273,1003.8,0,42.8,7,0,0,,Clear,clear-day,"00427,03987,00403,E2835,00433,00400"
berlin,2023-11-25T09:00:00,0.6,-4.3,-1.1,88.53,0,0,,0,0,27,18.7,279,1003.9,56,40.9,33,0.1,0,,Partially cloudy,partly-cloudy-day,"00427,03987,00403,E2835,00433,00400"
berlin,2023-11-25T10:00:00,1.2,-2.8,-1.1,84.42,0,0,,0,0,23.4,14.2,260,1004.1,68.1,42.8,90,0.3,1,,Partially cloudy,partly-cloudy-day,"00427,03987,00403,E2835,00433,00400"
berlin,2023-11-25T11:00:00,1.7,-1.2,-0.7,84.06,0,0,,0,0,20.9,9.9,266,1004.1,79.3,42,86,0.3,1,,Partially cloudy,partly-cloudy-day,"00427,03987,00403,E2835,00433,00400"
berlin,2023-11-25T12:00:00,2.4,-0.6,0.4,86.33,0.014,100,rain,0,0,22,10.9,258,1003.5,88.8,35.2,76,0.3,1,,"Rain, Partially cloudy",rain,"00427,03987,00403,E2835,00433,00400"
berlin,2023-11-25T13:00:00,2.3,-1.3,0.7,89.5,0.089,100,rain,0,0,24.5,13.6,261,1003.4,100,23.7,91,0.3,1,,"Rain, Overcast",rain,"00427,03987,00403,E2835,00433,00400"
berlin,2023-11-25T14:00:00,1.6,-1.5,0.7,93.92,0.173,100,"rain,snow",0,0,23.4,10.1,255,1003.4,100,6.5,58,0.2,1,,"Snow, Rain, Overcast",rain,"00427,03987,00403,E2835,00433,00400"
berlin,2023-11-25T15:00:00,1.5,-2,0.7,94.36,0.022,100,"rain,snow",0,0,20.2,12.6,304,1003.3,94.3,24.9,23,0.1,0,,"Snow, Rain, Overcast",rain,"00427,03987,00403,E2835,00433,00400"
berlin,2023-11-25T16:00:00,1.3,-3,0.5,94.44,0,0,,0,0,19.1,16.4,325,1003.9,83,16,0,0,0,,Partially cloudy,partly-cloudy-day,"00427,03987,00403,E2835,00433,00400"
berlin,2023-11-25T17:00:00,1.5,-2.3,0.5,93.12,0,0,,0,0,21.6,13.6,308,1004.2,99.9,29,0,0,0,,Overcast,cloudy,"00427,03987,00403,E2835,00433,00400"
berlin,2023-11-25T18:00:00,1.5,-2.9,0.3,92.1,0,0,,0,0,20.9,16.7,321,1004.9,99.3,31,0,0,0,,Overcast,cloudy,"00427,03987,00403,E2835,00433,00400"
berlin,2023-11-25T19:00:00,1.7,-2.4,0.4,91.59,0.008,100,"rain,snow",0,0,25.6,15.4,316,1005.8,81.6,30.8,0,0,0,,"Snow, Rain, Partially cloudy",rain,"00427,03987,00403,E2835,00433,00400"
berlin,2023-11-25T20:00:00,1.4,-3.3,-0.5,86.8,0.011,100,"rain,snow",0,0,28.4,19,343,1006.7,88.5,30.3,0,0,0,,"Snow, Rain, Partially cloudy",rain,"00427,03987,00403,E2835,00433,00400"
berlin,2023-11-25T21:00:00,0.3,-3.7,-2.3,82.72,0.011,100,"rain,snow",0,0,29.2,13.2,321,1007.5,13,29.6,0,0,0,,"Snow, Rain",rain,"00427,03987,00403,E2835,00433,00400"
berlin,2023-11-25T22:00:00,0.5,-3.7,-1.5,86.35,0,0,,0,0,25.6,14.4,316,1008.3,49.2,31.3,0,0,0,,Partially cloudy,partly-cloudy-night,"00427,03987,00403,E2835,00433,00400"
berlin,2023-11-25T23:00:00,0.7,-3.9,-1.8,83.07,0,0,,0,0,21.2,17,319,1008.8,80.9,30,0,0,0,,Partially cloudy,partly-cloudy-night,"00427,03987,00403,E2835,00433,00400"
berlin,2023-11-26T00:00:00,0.5,-3.9,-3.1,76.61,0,0,,0,0,22.3,15.6,316,1009.2,37.8,40,0,0,0,,Partially cloudy,partly-cloudy-night,"00427,03987,00403,E2835,00433,00400"
berlin,2023-11-26T01:00:00,0.1,-3.9,-3.3,77.84,0.008,100,"rain,snow",0,0,19.4,12.7,318,1009.6,91.6,37.5,0,0,0,,"Snow, Rain, Overcast",rain,"00427,03987,00403,E2835,00433,00400"
berlin,2023-11-26T02:00:00,0,-3.9,-3.3,78.15,0,0,,0,0,19.1,12.6,316,1010.1,87.8,29.2,0,0,0,,Partially cloudy,partly-cloudy-night,"00427,03987,00403,E2835,00433,00400"
berlin,2023-11-26T03:00:00,-0.2,-4.2,-4,75.55,0,0,,0,0,18.7,12.8,323,1010.4,68.6,50,0,0,0,,Partially cloudy,partly-cloudy-night,"00427,03987,00403,E2835,00433,00400"
berlin,2023-11-26T04:00:00,-0.3,-4,-4.2,75.12,0,0,,0,0,18.7,11,316,1010.9,68.1,50,0,0,0,,Partially cloudy,partly-cloudy-night,"00427,03987,00403,E2835,00433,00400"
berlin,2023-11-26T05:00:00,-0.6,-4,-3.4,81.07,0,0,,0,0,17.6,9.9,317,1011.2,70.7,49.8,0,0,0,,Partially cloudy,partly-cloudy-night,"00427,03987,00403,E2835,00433,00400"
berlin,2023-11-26T06:00:00,-0.6,-3.4,-3.1,83.23,0,0,,0,0,15.8,7.7,301,1011.6,74.4,48.7,0,0,0,,Partially cloudy,partly-cloudy-night,"00427,03987,00403,E2835,00433,00400"
berlin,2023-11-26T07:00:00,-0.5,-3.5,-2.5,86.27,0,0,,0,0,16.6,8.6,283,1011.9,61.6,48,0,0,0,,Partially cloudy,partly-cloudy-night,"00427,03987,00403,E2835,00433,00400"
berlin,2023-11-26T08:00:00,-0.4,-4.3,-2.1,88.18,0,0,,0,0,17.6,12.1,295,1012.4,28.2,30,7,0,0,,Partially cloudy,partly-cloudy-day,"00427,03987,00403,E2835,00433,00400"
berlin,2023-11-26T09:00:00,-0.9,-4.7,-2.6,88.62,0,0,,0,0,14.8,11.4,290,1012.9,13,30.4,47,0.2,0,,Clear,clear-day,"00427,03987,00403,E2835,00433,00400"
berlin,2023-11-26T10:00:00,-0.4,-4.7,-3.1,81.9,0,0,,0,0,18,14.1,290,1013.1,0,50,167,0.6,2,,Clear,clear-day,"00427,03987,00403,E2835,00433,00400"
berlin,2023-11-26T11:00:00,0.6,-3.4,-3.7,73.08,0,0,,0,0,22.3,13.6,293,1013.3,13,50,262,0.9,3,,Clear,clear-day,"00427,03987,00403,E2835,00433,00400"
berlin,2023-11-26T12:00:00,1,-3.2,-4.1,68.8,0,0,,0,0,23,15,303,1013.3,13,50,345,1.2,3,,Clear,clear-day,"00427,03987,00403,E2835,00433,00400"
berlin,2023-11-26T13:00:00,0.7,-3.8,-4.3,69.16,0,0,,0,0,20.2,16.4,321,1013.2,99.3,50,125,0.5,1,,Overcast,cloudy,"00427,03987,00403,E2835,00433,00400"
berlin,2023-11-26T14:00:00,1,-2.2,-4.1,68.5,0,0,,0,0,20.5,10.5,319,1013,89,30,116,0.4,1,,Partially cloudy,partly-cloudy-day,"00427,03987,00403,E2835,00433,00400"
berlin,2023-11-26T15:00:00,0.8,-1.8,-4,70.54,0,0,,0,0,19.8,7.9,267,1012.6,97.2,50,40,0.1,0,,Overcast,cloudy,"00427,03987,00403,E2835,00433,00400"
berlin,2023-11-26T16:00:00,0.2,-2.1,-3.7,74.92,0,0,,0,0,19.1,6.9,266,1012.7,91.1,45,0,0,0,,Overcast,cloudy,"00427,03987,00403,E2835,00433,00400"
berlin,2023-11-26T17:00:00,-0.1,-1.8,-3.3,78.83,0,0,,0,0,13.3,5.3,228,1012.4,90.7,50,0,0,0,,Overcast,cloudy,"00427,03987,00403,E2835,00433,00400"
berlin,2023-11-26T18:00:00,-1.4,-1.4,-3.5,85.05,0,0,,0,0,8.6,2.8,321,1012.4,89.3,49.6,0,0,0,,Partially cloudy,partly-cloudy-night,"00427,03987,00403,E2835,00433,00400"
berlin,2023-11-26T19:00:00,-0.3,-2.1,-2.6,84.23,0,0,,0,0,4,5.5,229,1012.2,97.8,43,0,0,0,,Overcast,cloudy,"00427,03987,00403,E2835,00433,00400"
berlin,2023-11-26T20:00:00,-1.1,-1.1,-2.6,89.55,0,0,,0,0,4.7,2.1,209,1012.1,93.3,40.2,0,0,0,,Overcast,cloudy,"00427,03987,00403,E2835,00433,00400"
berlin,2023-11-26T21:00:00,-0.5,-2.6,-2.1,88.93,0,0,,0,0,4.7,6.2,269,1012,98.8,39.5,0,0,0,,Overcast,cloudy,"00427,03987,00403,E2835,00433,00400"
berlin,2023-11-26T22:00:00,-0.5,-2.5,-1.8,91,0,0,,0,0,3.2,5.8,269,1011.6,100,40.4,0,0,0,,Overcast,cloudy,"00427,03987,00403,E2835,00433,00400"
berlin,2023-11-26T23:00:00,-1,-1,-2.1,92.45,0,0,,0,0,3.6,3.1,198,1011.4,100,28.8,0,0,0,,Overcast,cloudy,"00427,03987,00403,E2835,00433,00400"
berlin,2023-11-27T00:00:00,-1.3,-3.3,-2,94.85,0,0,,0,0,3.6,5.6,211,1011.3,94.2,22,0,0,0,,Overcast,cloudy,"00427,03987,00403,E2835,00433,00400"
berlin,2023-11-27T01:00:00,-2.1,-2.1,-2.8,94.96,0,0,,0,0,4,3.3,176,1011.1,80.3,22.3,0,0,0,,Partially cloudy,partly-cloudy-night,"00427,03987,00403,E2835,00433,00400"
berlin,2023-11-27T02:00:00,-1.5,-1.5,-2.1,96.17,0,0,,0,0,5,4.2,151,1010.8,97.3,23.2,0,0,0,,Overcast,cloudy,"00427,03987,00403,E2835,00433,00400"
berlin,2023-11-27T03:00:00,-1,-1,-1.7,94.93,0,0,,0,0,5,3.6,159,1010.4,93.8,25.6,0,0,0,,Overcast,cloudy,"00427,03987,00403,E2835,00433,00400"
berlin,2023-11-27T04:00:00,-0.9,-0.9,-1.8,94.2,0,0,,0,0,5.8,4.3,145,1010,96.7,24.9,0,0,0,,Overcast,cloudy,"00427,03987,00403,E2835,00433,00400"
berlin,2023-11-27T05:00:00,-1.3,-3.4,-1.8,95.93,0,0,,0,0,6.5,5.9,111,1009.5,88.7,22.1,0,0,0,,Partially cloudy,partly-cloudy-night,"00427,03987,00403,E2835,00433,00400"
berlin,2023-11-27T06:00:00,-0.9,-3.1,-1.6,95.07,0,0,,0,0,6.5,6.3,116,1009.2,99.8,22,0,0,0,,Overcast,cloudy,"00427,03987,00403,E2835,00433,00400"
berlin,2023-11-27T07:00:00,-0.6,-3.4,-1.4,94.25,0,0,,0.1,0,10.1,7.8,118,1008.7,92.8,22.5,0,0,0,,Overcast,snow,"00427,03987,00403,E2835,00433,00400"
berlin,2023-11-27T08:00:00,-0.4,-3.5,-1.4,92.87,0,0,,0,0,11.9,9.1,124,1008.5,96,25.5,5,0,0,,Overcast,cloudy,"00427,03987,00403,E2835,00433,00400"
berlin,2023-11-27T09:00:00,0,-3.1,-1.2,91.96,0.003,100,"rain,snow",0,0,13,9.3,112,1008.3,99.9,18.4,35,0.1,0,,"Snow, Rain, Overcast",snow,"00427,03987,00403,E2835,00433,00400"
berlin,2023-11-27T10:00:00,0.5,-2.8,-1.1,89.05,0,0,,0,0,14,10.1,128,1008.1,100,14.1,39,0.1,0,,Overcast,cloudy,"00427,03987,00403,E2835,00433,00400"
berlin,2023-11-27T11:00:00,0.9,-2.2,-0.7,88.73,0,0,,0,0,14.8,10,119,1007.5,100,28.2,67,0.2,1,,Overcast,cloudy,"00427,03987,00403,E2835,00433,00400"
berlin,2023-11-27T12:00:00,1.6,-1.7,-0.2,88.14,0,0,,0,0,17.3,11.3,122,1006.6,100,19.6,76,0.3,1,,Overcast,cloudy,"00427,03987,00403,E2835,00433,00400"
berlin,2023-11-27T13:00:00,1.9,-1.7,0,87.59,0,0,,0,0,20.2,12.7,112,1005.7,100,21.3,30,0.1,0,,Overcast,cloudy,"00427,03987,00403,E2835,00433,00400"
berlin,2023-11-27T14:00:00,1.5,-2,-0.2,88.73,0,0,,0,0,21.6,11.9,108,1005,100,22.9,35,0.1,0,,Overcast,cloudy,"00427,03987,00403,E2835,00433,00400"
berlin,2023-11-27T15:00:00,1.5,-2.6,-0.4,86.76,0.014,100,"rain,snow",0,0,24.1,15.2,102,1004.2,100,20.5,25,0.1,0,,"Snow, Rain, Overcast",rain,"00427,03987,00403,E2835,00433,00400"
berlin,2023-11-27T16:00:00,1,-3.1,-1.1,85.99,0.014,100,"rain,snow",0,0,27.4,14.7,93,1003.6,100,8.7,0,0,0,,"Snow, Rain, Overcast",rain,"00427,03987,00403,E2835,00433,00400"
berlin,2023-11-27T17:00:00,0.5,-4,-1.4,87.36,0.062,100,"rain,snow",0,0,28.1,16,90,1002.8,100,9,0,0,0,,"Snow, Rain, Overcast",rain,"00427,03987,00403,E2835,00433,00400"
berlin,2023-11-27T18:00:00,0.6,-4.2,-2.1,82.28,0.025,100,"rain,snow",0.2,0.2,28.8,18.3,96,1002,100,24.4,0,0,0,,"Snow, Rain, Overcast",snow,"00427,03987,00403,E2835,00433,00400"
berlin,2023-11-27T19:00:00,0.7,-4.2,-2,82.32,0.008,100,"rain,snow",0.3,0.4,31,19.1,93,1001.3,100,11,0,0,0,,"Snow, Rain, Overcast",snow,"00427,03987,00403,E2835,00433,00400"
berlin,2023-11-27T20:00:00,0.2,-4.7,-1.3,89.87,0.128,100,"rain,snow",0,0.7,32.8,17.9,96,1001.1,100,3.9,0,0,0,,"Snow, Rain, Overcast",rain,"00427,03987,00403,E2835,00433,00400"
berlin,2023-11-27T21:00:00,-0.1,-5.3,-1.3,91.74,0.324,100,"rain,snow",0.3,1,33.8,19.3,87,1000.3,100,4.6,0,0,0,,"Snow, Rain, Overcast",snow,"00427,03987,00403,E2835,00433,00400"
berlin,2023-11-27T22:00:00,-0.2,-5.6,-1.3,92.49,0.179,100,"rain,snow",0.3,1.3,34.6,20.6,80,999.7,100,4.6,0,0,0,,"Snow, Rain, Overcast",snow,"00427,03987,00403,E2835,00433,00400"
berlin,2023-11-27T23:00:00,-0.4,-5.9,-1.5,91.85,0.12,100,"rain,snow",0.2,1.5,35.6,21.5,80,999.2,100,5.6,0,0,0,,"Snow, Rain, Overcast",snow,"00427,03987,00403,E2835,00433,00400"
berlin,2023-11-28T00:00:00,-0.4,-5.8,-1.5,92.06,0.09,100,"rain,snow",0.1,1.6,36,20.6,77,998.9,100,4,0,0,0,,"Snow, Rain, Overcast",snow,"00427,03987,00403,E2835,00433,00400"
berlin,2023-11-28T01:00:00,-0.5,-6.1,-1.6,91.82,0.144,100,"rain,snow",0.1,1.3,33.8,22.1,70,998.3,100,3.6,0,0,0,,"Snow, Rain, Overcast",snow,"00427,03987,00403,E2835,00433,00400"
berlin,2023-11-28T02:00:00,-0.7,-6,-1.7,92.87,0.184,100,"rain,snow",0,1.5,34.6,19.5,77,998,100,4,0,0,0,,"Snow, Rain, Overcast",snow,"00427,03987,00403,E2835,00433,00400"
berlin,2023-11-28T03:00:00,-0.7,-6.1,-1.7,92.69,0.384,100,"rain,snow",0.1,1.6,33.8,20.1,70,997.9,100,3.3,0,0,0,,"Snow, Rain, Overcast",snow,"00427,03987,00403,E2835,00433,00400"
berlin,2023-11-28T04:00:00,-1,-6.5,-2.2,91.41,0.353,100,"rain,snow",0.1,1.7,34.2,20.5,60,997.8,100,2.6,0,0,0,,"Snow, Rain, Overcast",snow,"00427,03987,00403,E2835,00433,00400"
berlin,2023-11-28T05:00:00,-1.2,-6.7,-2.8,88.46,0.134,100,"rain,snow",0.1,1.8,34.2,20.1,66,997.7,100,8.9,0,0,0,,"Snow, Rain, Overcast",snow,"00427,03987,00403,E2835,00433,00400"
berlin,2023-11-28T06:00:00,-1.4,-6.9,-3.5,85.81,0.089,100,"rain,snow",0.1,1.9,33.8,19.2,57,998,100,4.9,0,0,0,,"Snow, Rain, Overcast",snow,"00427,03987,00403,E2835,00433,00400"
berlin,2023-11-28T07:00:00,-1.5,-7.1,-3.6,86.06,0.047,100,"rain,snow",0.1,2.5,28.8,19.3,50,998.4,100,3.9,0,0,0,,"Snow, Rain, Overcast",snow,"00427,03987,00403,E2835,00433,00400"
berlin,2023-11-28T08:00:00,-1.2,-6.5,-3.9,81.96,0.039,100,"rain,snow",0,2.5,28.8,18.5,56,999.1,100,20,5,0,0,,"Snow, Rain, Overcast",snow,"00427,03987,00403,E2835,00433,00400"
berlin,2023-11-28T09:00:00,-1.4,-6.4,-3.8,83.53,0.006,100,"rain,snow",0,2.4,28.1,16.2,40,999.7,100,20.9,54,0.2,1,,"Snow, Rain, Overcast",snow,"00427,03987,00403,E2835,00433,00400"
berlin,2023-11-28T10:00:00,-1.3,-6.4,-3.7,83.9,0,0,,0,2.4,27.4,17.1,39,1000.3,100,19.7,111,0.4,1,,Overcast,cloudy,"00427,03987,00403,E2835,00433,00400"
berlin,2023-11-28T11:00:00,-1.2,-6.1,-3.7,82.92,0,0,,0,2.4,26.3,16.4,37,1000.6,100,21.5,135,0.5,1,,Overcast,cloudy,"00427,03987,00403,E2835,00433,00400"
berlin,2023-11-28T12:00:00,-1.2,-5.7,-3.9,81.87,0,0,,0,2.3,25.6,14.1,11,1000.9,100,30.7,146,0.5,1,,Overcast,cloudy,"00427,03987,00403,E2835,00433,00400"
berlin,2023-11-28T13:00:00,-1.1,-5.9,-3.9,81.36,0,0,,0,3,23.4,15.3,13,1001.3,94.6,26.4,132,0.5,1,,Overcast,cloudy,"00427,03987,00403,E2835,00433,00400"
berlin,2023-11-28T14:00:00,-1.3,-5.5,-4.1,81.31,0,0,,0,2.9,23,13,356,1001.8,40.7,30.5,76,0.3,1,,Partially cloudy,partly-cloudy-day,"00427,03987,00403,E2835,00433,00400"
berlin,2023-11-28T15:00:00,-0.9,-4.8,-4.1,78.9,0,0,,0,2.9,22,11.8,347,1002.5,3.8,33.9,111,0.4,1,,Clear,clear-day,"00427,03987,00403,E2835,00433,00400"
berlin,2023-11-28T16:00:00,-1.9,-5.2,-4.8,80.27,0,0,,0,2.8,19.4,8.9,355,1003.1,3.8,35.3,5,0,0,,Clear,clear-night,"00427,03987,00403,E2835,00433,00400"
berlin,2023-11-28T17:00:00,-3.1,-6.5,-5,86.75,0,0,,0,2.8,15.5,8.2,345,1003.8,3.8,41.4,0,0,0,,Clear,clear-night,"00427,03987,00403,E2835,00433,00400"
berlin,2023-11-28T18:00:00,-3.7,-7,-5.4,87.87,0,0,,0,2.8,12.2,7.9,319,1004.4,0,38.8,0,0,0,,Clear,clear-night,"00427,03987,00403,E2835,00433,00400"
berlin,2023-11-28T19:00:00,-4.2,-7.9,-5.5,91.23,0,0,,0,3,13,8.6,308,1005,3.8,37.5,0,0,0,,Clear,clear-night,"00427,03987,00403,E2835,00433,00400"
berlin,2023-11-28T20:00:00,-4.3,-8.5,-5.4,91.99,0,0,,0,3,13.3,10.1,305,1005.6,96.3,40.1,0,0,0,,Overcast,cloudy,"00427,03987,00403,E2835,00433,00400"
berlin,2023-11-28T21:00:00,-1.9,-5.3,-3.4,89.23,0,0,,0,3,5.8,9.1,314,1006,93.8,39,0,0,0,,Overcast,cloudy,"00427,03987,00403,E2835,00433,00400"
berlin,2023-11-28T22:00:00,-1.6,-4.5,-3.5,87.4,0,0,,0,2.9,10.8,7.6,277,1006.5,99.8,34,0,0,0,,Overcast,cloudy,"00427,03987,00403,E2835,00433,00400"
berlin,2023-11-28T23:00:00,-2.1,-4.2,-3.5,90.29,0,0,,0,2.9,10.8,5.4,225,1006.2,99.9,38,0,0,0,,Overcast,cloudy,"00427,03987,00403,E2835,00433,00400"
berlin,2023-11-29T00:00:00,-3,-6.4,-3.9,93.8,0,0,,0,2.9,16.9,8.4,193,1006,97.5,26.2,0,0,0,,Overcast,cloudy,"00427,03987,00403,E2835,00433,00400"
berlin,2023-11-29T01:00:00,-2.8,-7,-4,91.72,0,0,,0,3,16.9,11.1,211,1006.1,91.5,27.3,0,0,0,,Overcast,cloudy,"00427,03987,00403,E2835,00433,00400"
berlin,2023-11-29T02:00:00,-3.4,-7.4,-4.3,93.29,0,0,,0,3,17.3,10.1,189,1005.8,87.5,21.5,0,0,0,,Partially cloudy,partly-cloudy-night,"00427,03987,00403,E2835,00433,00400"
berlin,2023-11-29T03:00:00,-3.7,-8.4,-4.8,92.37,0,0,,0,3,23.4,12.7,190,1005.5,100,23.9,0,0,0,,Overcast,cloudy,"00427,03987,00403,E2835,00433,00400"
berlin,2023-11-29T04:00:00,-3.5,-8,-4.9,90,0,0,,0,3,25.6,12.3,193,1004.7,100,31,0,0,0,,Overcast,cloudy,"00427,03987,00403,E2835,00433,00400"
berlin,2023-11-29T05:00:00,-3.2,-8.5,-5.3,85.67,0,0,,0,2.9,29.2,15.5,172,1003.7,100,39.6,0,0,0,,Overcast,cloudy,"00427,03987,00403,E2835,00433,00400"
berlin,2023-11-29T06:00:00,-3.1,-8.1,-5.2,85.57,0,0,,0,2.9,33.8,14.5,170,1002.9,100,38.9,0,0,0,,Overcast,cloudy,"00427,03987,00403,E2835,00433,00400"
berlin,2023-11-29T07:00:00,-2.5,-7.6,-5,83.01,0,0,,0,2.7,30.2,15.6,189,1002.6,100,10.6,0,0,0,,Overcast,cloudy,"00427,03987,00403,E2835,00433,00400"
berlin,2023-11-29T08:00:00,-2.4,-7.8,-4.2,87.58,0.15,100,snow,0.2,3.1,34.6,17.5,189,1002.4,99.4,4.4,0,0,0,,"Snow, Overcast",snow,"00427,03987,00403,E2835,00433,00400"
berlin,2023-11-29T09:00:00,-2.2,-7.1,-4.1,87.08,0.072,100,snow,0.2,3.3,34.9,14.8,197,1002.3,98.7,24,28,0.1,0,,"Snow, Overcast",snow,"00427,03987,00403,E2835,00433,00400"
berlin,2023-11-29T10:00:00,-1.9,-6.8,-3.6,88.24,0.025,100,"rain,snow",0.5,3.8,33.1,15,190,1002.1,100,9.7,42,0.2,0,,"Snow, Rain, Overcast",snow,"00427,03987,00403,E2835,00433,00400"
berlin,2023-11-29T11:00:00,-1.4,-6.1,-3.6,84.77,0.08,100,"rain,snow",0,3.8,33.1,15.1,181,1001.7,100,25.3,113,0.4,1,,"Snow, Rain, Overcast",snow,"00427,03987,00403,E2835,00433,00400"
berlin,2023-11-29T12:00:00,-0.7,-5,-2.4,88.66,0.202,100,"rain,snow",0,3.7,32.8,13.7,193,1001.2,100,13.9,39,0.1,0,,"Snow, Rain, Overcast",snow,"00427,03987,00403,E2835,00433,00400"
berlin,2023-11-29T13:00:00,-0.3,-5.2,-2.1,87.24,0.153,100,"rain,snow",0.2,4.2,32.4,17.7,193,1000.7,100,7.5,53,0.2,1,,"Snow, Rain, Overcast",snow,"00427,03987,00403,E2835,00433,00400"
berlin,2023-11-29T14:00:00,-0.5,-5.1,-1.5,92.63,0.242,100,"rain,snow",0,4.2,43.2,16,194,1000.4,97.4,2.4,25,0.1,0,,"Snow, Rain, Overcast",snow,"00427,03987,00403,E2835,00433,00400"
berlin,2023-11-29T15:00:00,-0.4,-5.1,-1.2,94.12,0.422,100,"rain,snow",0.5,4.7,32.8,16.2,189,1000.2,100,10.8,12,0,0,,"Snow, Rain, Overcast",snow,"00427,03987,00403,E2835,00433,00400"
berlin,2023-11-29T16:00:00,-0.4,-5,-1,95.15,0.236,100,"rain,snow",0,4.7,31.3,15.8,189,1000,100,4.3,0,0,0,,"Snow, Rain, Overcast",snow,"00427,03987,00403,E2835,00433,00400"
berlin,2023-11-29T17:00:00,0,-4.6,-0.7,95.13,0.334,100,"rain,snow",0.2,4.9,29.5,16,189,999.6,100,7.3,0,0,0,,"Snow, Rain, Overcast",snow,"00427,03987,00403,E2835,00433,00400"
berlin,2023-11-29T18:00:00,0.5,-4.4,-0.5,92.76,0.016,100,"rain,snow",0.5,5.4,29.5,18.7,200,999.4,100,7.5,0,0,0,,"Snow, Rain, Overcast",snow,"00427,03987,00403,E2835,00433,00400"
berlin,2023-11-29T19:00:00,0.7,-3.8,-0.2,93.23,0.125,100,"rain,snow",0,6.3,31.3,16.6,223,999.8,99.7,6.2,0,0,0,,"Snow, Rain, Overcast",rain,"00427,03987,00403,E2835,00433,00400"
berlin,2023-11-29T20:00:00,0.8,-4.1,-0.3,92.52,0.008,100,"rain,snow",0,6.3,31,18.8,240,1000.2,98.4,5.4,0,0,0,,"Snow, Rain, Overcast",rain,"00427,03987,00403,E2835,00433,00400"
berlin,2023-11-29T21:00:00,0.5,-4.5,-0.6,92.28,0.066,100,"rain,snow",0,6.3,34.6,19.8,243,1000.8,97.3,5.4,0,0,0,,"Snow, Rain, Overcast",rain,"00427,03987,00403,E2835,00433,00400"
berlin,2023-11-29T22:00:00,0.5,-4.4,-1,89.66,0.04,100,"rain,snow",0,6.2,34.6,19,250,1001.3,100,16.2,0,0,0,,"Snow, Rain, Overcast",rain,"00427,03987,00403,E2835,00433,00400"
berlin,2023-11-29T23:00:00,0.4,-4.7,-1.1,89.46,0.088,100,"rain,snow",0,6.2,34.2,19.8,259,1001.8,98.8,18.8,0,0,0,,"Snow, Rain, Overcast",rain,"00427,03987,00403,E2835,00433,00400"
berlin,2023-11-30T00:00:00,0,-5.2,-2.7,82.36,0,0,,0,6.1,29.2,19.7,276,1002.5,84.8,20.5,0,0,0,,Partially cloudy,partly-cloudy-night,"00427,03987,00403,E2835,00433,00400"
berlin,2023-11-30T01:00:00,-0.5,-5.9,-3.1,82.92,0,0,,0,6,28.1,20.3,272,1003,70.5,20.2,0,0,0,,Partially cloudy,partly-cloudy-night,"00427,03987,00403,E2835,00433,00400"
berlin,2023-11-30T02:00:00,-1.3,-5.8,-3.4,85.59,0.025,100,"rain,snow",0,5.9,28.4,13.8,278,1003.3,68.9,37.2,0,0,0,,"Snow, Rain, Partially cloudy",snow,"00427,03987,00403,E2835,00433,00400"
berlin,2023-11-30T03:00:00,-1.9,-6.3,-3.6,88.25,0,0,,0,5.9,21.6,12.8,253,1003.8,19,32.1,0,0,0,,Clear,clear-night,"00427,03987,00403,E2835,00433,00400"
berlin,2023-11-30T04:00:00,-2.9,-6.3,-4.3,89.62,0,0,,0,5.8,13.7,8.8,269,1003.9,1.7,27.9,0,0,0,,Clear,clear-night,"00427,03987,00403,E2835,00433,00400"
berlin,2023-11-30T05:00:00,-3.7,-3.7,-4.7,92.99,0,0,,0,5.8,14,4.4,251,1003.7,19.9,16.5,0,0,0,,Clear,clear-night,"00427,03987,00403,E2835,00433,00400"
berlin,2023-11-30T06:00:00,-4.1,-6.7,-4.6,95.99,0,0,,0,5.8,13.3,6,203,1003.7,0,15.1,0,0,0,,Clear,clear-night,"00427,03987,00403,E2835,00433,00400"
berlin,2023-11-30T07:00:00,-4,-6.9,-4.8,94.69,0,0,,0,6.3,8.6,6.5,211,1004,62.4,16.4,0,0,0,,Partially cloudy,partly-cloudy-night,"00427,03987,00403,E2835,00433,00400"
berlin,2023-11-30T08:00:00,-3.9,-6.1,-4.6,94.83,0,0,,0,6.3,8.3,5.2,221,1004.3,61.2,15,5,0,0,,Partially cloudy,partly-cloudy-day,"00427,03987,00403,E2835,00433,00400"
berlin,2023-11-30T09:00:00,-4.4,-4.4,-4.9,95.99,0,0,,0,6.3,7.6,3,178,1004.9,64.9,6.9,21,0.1,0,,Partially cloudy,partly-cloudy-day,"00427,03987,00403,E2835,00433,00400"
berlin,2023-11-30T10:00:00,-2.5,-2.5,-3.3,94.18,0,0,,0,6.3,7.9,2.9,169,1004.7,74.6,14.3,44,0.2,0,,Partially cloudy,partly-cloudy-day,"00427,03987,00403,E2835,00433,00400"
berlin,2023-11-30T11:00:00,-1.4,-1.4,-2.8,90.41,0,0,,0,6.3,8.6,2.8,160,1004.5,61.4,15.3,79,0.3,1,,Partially cloudy,partly-cloudy-day,"00427,03987,00403,E2835,00433,00400"
berlin,2023-11-30T12:00:00,0.5,0.5,-4.2,70.89,0,0,,0,6.2,7.6,2.7,181,1004,45.9,31.4,281,1,3,,Partially cloudy,partly-cloudy-day,"00427,03987,00403,E2835,00433,00400"
berlin,2023-11-30T13:00:00,-0.3,-0.3,-4.7,72.23,0,0,,0,5.7,8.6,4.5,53,1003.5,13,29.1,278,1,3,,Clear,clear-day,"00427,03987,00403,E2835,00433,00400"
berlin,2023-11-30T14:00:00,0,-2.6,-4.2,73.14,0,0,,0,5.6,8.6,7.9,186,1003.5,0,37.2,67,0.2,1,,Clear,clear-day,"00427,03987,00403,E2835,00433,00400"
berlin,2023-11-30T15:00:00,-0.9,-3.2,-3.9,79.98,0,0,,0,5.6,6.5,6.3,150,1003.7,2.6,30.9,35,0.1,0,,Clear,clear-day,"00427,03987,00403,E2835,00433,00400"
berlin,2023-11-30T16:00:00,-2,-2,-4.2,85.03,0,0,,0,5.5,6.8,4.4,110,1003.7,0.1,30.3,0,0,0,,Clear,clear-night,"00427,03987,00403,E2835,00433,00400"
berlin,2023-11-30T17:00:00,-4,-6.6,-5,93.08,0,0,,0,5.5,6.8,6,72,1003.9,67.1,19.3,0,0,0,,Partially cloudy,partly-cloudy-night,"00427,03987,00403,E2835,00433,00400"
berlin,2023-11-30T18:00:00,-4.4,-7.5,-5.3,93.79,0,0,,0,5.5,8.3,7,81,1003.9,32.8,16.6,0,0,0,,Partially cloudy,partly-cloudy-night,"00427,03987,00403,E2835,00433,00400"
berlin,2023-11-30T19:00:00,-3.9,-6.8,-5,92.2,0,0,,0,5.2,7.9,6.6,95,1003.8,63.5,17.7,0,0,0,,Partially cloudy,partly-cloudy-night,"00427,03987,00403,E2835,00433,00400"
berlin,2023-11-30T20:00:00,-4.8,-7.2,-5.6,94.31,0,0,,0,5.2,7.9,5.4,79,1003.9,18,14.3,0,0,0,,Clear,clear-night,"00427,03987,00403,E2835,00433,00400"
berlin,2023-11-30T21:00:00,-4.8,-4.8,-5.4,95.79,0,0,,0,5.2,7.6,4.2,57,1003.9,67.2,14.3,0,0,0,,Partially cloudy,partly-cloudy-night,"00427,03987,00403,E2835,00433,00400"
berlin,2023-11-30T22:00:00,-5.9,-5.9,-6.3,96.66,0,0,,0,5.2,7.2,3.3,66,1004.1,0,4.8,0,0,0,,Clear,clear-night,"00427,03987,00403,E2835,00433,00400"
berlin,2023-11-30T23:00:00,-6.1,-6.1,-6.7,96.19,0,0,,0,5.2,6.5,3.5,59,1004.3,67.2,6.1,0,0,0,,Partially cloudy,partly-cloudy-night,"00427,03987,00403,E2835,00433,00400"
